mol_id,pred
0,-5.6387708111446475
1,-4.04454993190984
2,-2.7950935532393344
3,-1.8339208142467316
4,0.9837155612666664
5,-2.3059333924679963
6,-4.186105945397084
7,-2.5961929544726687
8,0.18582533107933347
9,-1.6756399313294401
10,-5.2927066166293875
11,-5.5204615356974545
12,-0.8806619368606667
13,-2.090031095818664
14,-3.578647540075332
15,-3.7482886339516646
16,0.326462182760332
17,-6.593051000126001
18,-3.780554107654663
19,-2.033243701885666
20,-1.717343601432334
21,-3.7255506702961636
22,-2.2617688941296654
23,0.04152168109146657
24,-4.824825784698578
25,-2.5333627331509962
26,-5.236795149832995
27,-3.2516197529940016
28,-2.9729188641526694
29,-1.7394376375433331
30,-4.3403470871014385
31,-0.5916867896486669
32,-6.123181437301006
33,-1.0373955272113302
34,-3.1348642413126653
35,-2.340473225905998
36,-0.29467612436566615
37,-1.9437250985768906
38,-1.6061429490643906
39,-3.856940047940471
40,-3.4831615685039976
41,-6.633476734056989
42,-4.783898210119324
43,-0.6381174794563342
44,-1.3459177422185227
45,-1.5027007269843349
46,-3.5838123772903434
47,-2.6308204026530015
48,-2.692010587537335
49,-2.0348144343490016
50,-0.03955235155155552
51,-1.6496708064451622
52,-2.007491313387
53,0.15326364102360013
54,-7.75702333333333
55,-0.8872984821900005
56,-6.024424402105651
57,-5.4896489339471195
58,-3.3430557771584373
59,-4.354704638300569
60,-3.1924385754879987
61,-3.2700927960388952
62,-3.929617707890337
63,-3.104886505782592
64,-2.9058448007023303
65,-3.2547433652616657
66,-1.9040703973431656
67,-1.5105897057976676
68,-2.4390269355756664
69,-0.4646347127610005
70,-2.3199769719462258
71,-4.5838224330858965
72,-2.051788775755669
73,-0.9405228446509998
74,-2.1467730494798904
75,-3.08632305675028
76,-2.0441991441898897
77,-2.756253595223995
78,-2.7161327561246678
79,-4.942687613036443
80,-2.2645660882753305
81,-2.117300176800798
82,-4.344559641369276
83,-1.9375967572136672
84,-8.95785766666668
85,-2.8474954081141703
86,-6.29798828559732
87,-1.7220924345066646
88,-3.021737373710221
89,-6.30049655092828
90,-0.1621442435420001
91,-4.952213436726669
92,-0.8224291648363341
93,-2.0430083669393366
94,-0.09018533478033315
95,0.8039567486186651
96,-6.7622536013171555
97,-4.07278566576878
98,-3.17420480308033
99,-1.5574536830506678
100,-3.7164523835045817
101,-4.942359617018654
102,-2.3427336178660823
103,-4.195306101172891
104,-4.520962197931333
105,-5.13205329019111
106,-2.119161775351003
107,-5.161056122263672
108,-3.0404935269319893
109,-2.5303356694153303
110,-4.028116031403334
111,-3.4384388781304422
112,-4.173819328313722
113,-1.983939719522919
114,-3.251951752261663
115,-1.434231702167225
116,-4.857372526537555
117,-5.973845404031122
118,-5.533807447704215
119,-3.1137526520637815
120,-4.182552479377998
121,-2.491161119237664
122,-2.3757620165573328
123,-2.708284137387634
124,-2.746198950869666
125,-3.18148017833592
126,-2.980451409451496
127,-1.928349546418555
128,-2.081295805156001
129,-5.253164357217096
130,-0.5497696610415558
131,-2.5702860022383343
132,-4.217113195686011
133,-3.5289752588533383
134,-3.239000437963665
135,-3.4474709604051093
136,-4.193884737956768
137,-2.447009638867663
138,-3.2575347528864427
139,-3.3686113501386656
140,-4.719534881022999
141,-4.354704638300569
142,0.19635248813964318
143,-2.6454230148876663
144,-1.7253309368411427
145,-1.8573769673281122
146,-3.0878203605728913
147,-3.7410904912471104
148,-1.0865621120406674
149,0.4649550493163331
150,-3.895368530804893
151,-1.5229644668880022
152,-2.124223374078488
153,-4.08067777062667
154,-3.691792034547666
155,-5.446483838142112
156,-2.3479381919638764
157,-2.309717534852222
158,-2.7209778430826654
159,-2.1065286593555568
160,-3.9135392460284426
161,-4.684996189837679
162,-1.2344008715423338
163,-6.786243882601331
164,-2.5179241247403326
165,-4.1666106759433275
166,-6.803081510832665
167,-2.3753306727749997
168,-3.6534763255419476
169,-6.588657075628659
170,-2.9929058200663885
171,-0.052751765537110945
172,-2.221119190477607
173,-3.0783755895037777
174,-6.785421593087
175,-0.742210475086668
176,-0.012259545770333306
177,-7.992460525240974
178,-1.254249652692998
179,-4.524670857870996
180,-2.6421988288447227
181,-1.9084903785054976
182,-0.5428613506982226
183,-2.893105844813997
184,-4.63818801611067
185,-1.5074373379213375
186,-5.080088745228662
187,-3.7644373708186647
188,-3.071403876956164
189,-3.21708205723778
190,-4.288022636713337
191,-2.4537992364421193
192,-5.534161030577264
193,-1.5471012534416684
194,-4.4167418708850015
195,-3.157805822836448
196,-2.2299337068000016
197,-3.070370511344671
198,-2.2088303278826684
199,-4.131928973085218
200,-5.539063294944766
201,-5.187826424456668
202,-3.7833919008803316
203,-3.220543982621451
204,-4.800702552191
205,-5.514711823916295
206,-0.31419825162706666
207,-4.319481212740225
208,-0.8309845419076684
209,-3.272431371641155
210,-1.353229816139332
211,-3.400853081179004
212,-3.6565554850652204
213,-1.1647755658013315
214,-2.2840760945249996
215,-2.115946680396446
216,-1.8473913695087811
217,-2.2883274930704443
218,-0.5986824859279993
219,-3.3625890139800005
220,-2.4708779833410004
221,-4.350177001737335
222,-2.5395257989026643
223,-5.143138469726335
224,-4.130923597835883
225,-3.5587774631724414
226,-1.809946384743337
227,-4.472209542259109
228,-3.682150358569225
229,-3.287942212301941
230,0.7846492218699989
231,-0.8443542223125563
232,-6.4870615428739855
233,-0.9131351450129996
234,-3.9586473045563397
235,0.32566112922323287
236,-4.148447948692338
237,-0.32763634233468586
238,-3.426123975592224
239,-4.006156682286027
240,0.7393472365745019
241,-4.2683324033923356
242,-2.2078950908112205
243,-0.6836547132577785
244,-3.756211747823997
245,-2.5632006359608868
246,-1.4946374425431153
247,-3.029772759534889
248,-1.5018136698321671
249,0.3496738965241112
250,-1.7787261866039974
251,-3.7161302888030376
252,-0.8198073524794431
253,-2.5109588095328332
254,0.7079086570863363
255,-3.3187622250053366
256,-2.245947864465558
257,0.7913303750823593
258,-2.8199825708679986
259,-3.557884960757141
260,-1.7776624132166623
261,-2.708617478803554
262,-4.654213459304995
263,-0.9333190498031665
264,-0.810332846453667
265,-6.299766168962996
266,-2.5556124042154433
267,-3.355167969053721
268,-1.361998546838001
269,-0.5916019120736671
270,-6.430680527313385
271,-2.3893220656638916
272,-2.0147986746933313
273,-0.6787396153968926
274,-2.7110027006819983
275,-3.00959282976346
276,-2.1235771884993953
277,-5.280210819664659
278,-3.5147322679236686
279,-1.023744125899665
280,-2.6287905701444423
281,-2.0787513740624446
282,-3.0238984601776666
283,-2.584396065545
284,0.2576970832887108
285,-0.48414409427400007
286,-6.223995027359348
287,-1.507966587520334
288,0.12313563574200004
289,-2.032688309245336
290,-4.9799268240506676
291,-1.334680956273559
292,-2.1719630548696665
293,-3.0993167128306913
294,-2.3218552800420045
295,-2.1204579934932246
296,-5.173806492410172
297,-2.0788903744759453
298,-0.3894274433934459
299,-3.6282002784596092
300,0.12569857218416683
301,-4.040214860902217
302,-3.5838123772903434
303,-2.315898509183551
304,0.16419609584577954
305,-3.826503991190663
306,-3.875408361542667
307,-1.991583232941001
308,-6.472450026161895
309,-3.817470668935
310,0.47204496769366716
311,-0.9108148252415106
312,-6.400603867134727
313,-1.9503828467116742
314,-0.8002821623516658
315,-4.799164836626859
316,-1.912080507252223
317,-3.339708355955336
318,-1.4126905093189979
319,-2.149205438534112
320,-3.3101710339216663
321,-3.665417112014809
322,-1.2117312514436682
323,-4.32222303118832
324,-4.714219063131333
325,-1.4335313024213363
326,-2.030340665464665
327,-5.352384376009341
328,0.1693728769526669
329,-2.8311179844245817
330,-6.616735932991669
331,-2.298162372259999
332,-2.4262623466513316
333,-1.1993133032093326
334,-5.289400839840996
335,-3.0588353323849957
336,-3.436991689412011
337,-3.9619732808190014
338,-4.5603418192783325
339,0.5460297113292504
340,0.7157284658320007
341,-2.9321444292100067
342,-6.305524256726996
343,-2.204324358471097
344,-2.7903791430712164
345,-3.301542338237167
346,-3.8625483010386694
347,-4.273897474363666
348,-8.087744333333331
349,-2.235121259380305
350,-7.139113333333351
351,-1.9149460980909998
352,-2.164942521667111
353,-5.323722791275933
354,-2.884704288469526
355,-3.101168792875002
356,-0.719939115778333
357,-1.3143705670336687
358,-2.500820153813999
359,-1.3210056184338888
360,-1.915043195142822
361,-2.2627061931518897
362,-1.2956332579333327
363,-3.7379631736380037
364,-1.5680712298519104
365,-1.5323160128839983
366,-4.757825995061103
367,-4.763537403721668
368,-2.0804528615195013
369,-3.1023515235943324
370,-0.45729538714400036
371,-4.2909259754183635
372,-3.011189844986221
373,-1.3699924656916231
374,-2.2588480285033334
375,-1.9743020894306658
376,-2.3157102422643336
377,-5.436944224103666
378,-3.82163967869366
379,-0.04687242929559996
380,-4.5893305285996835
381,-4.20234951000333
382,-6.557323989277336
383,0.6271389690163357
384,-2.670295934761998
385,-5.331683140958553
386,0.18565711493099998
387,-4.174609936480056
388,-6.765344264587003
389,-1.6763623052183378
390,-1.7491463538606737
391,-2.891326093157537
392,-2.7519546495846665
393,-2.488709185368111
394,0.4324602797482502
395,-4.050613237708749
396,-2.5241540286933315
397,0.7559931789603328
398,-3.1038116512559943
399,-3.0376168118913585
400,-1.988066959961141
401,-3.292611277109631
402,-0.5911781336761124
403,-3.2756309938193326
404,-1.1170243313332202
405,-0.9696279556003333
406,-4.360427245262668
407,-0.5837337185680007
408,-2.950606057540167
409,-2.1078982965873894
410,-3.2726547761847784
411,-5.663391762041
412,-5.306386163044675
413,-1.542344104179777
414,-2.686499776308331
415,-2.782604061848887
416,-2.480858299685833
417,-6.493138304983398
418,-1.2136405491956708
419,-1.9638704426933888
420,-2.874757641649667
421,-4.284098109137
422,-2.0149818145893366
423,-2.2135316826489992
424,-1.715271796281664
425,-2.734183035522
426,-1.238675692452334
427,0.14497108581216694
428,-4.123616345924003
429,-1.4462390218066674
430,-6.212060738634449
431,-3.918509998209332
432,-4.737851262360668
433,-5.122366540200639
434,-0.7600319305770032
435,-3.019481942299327
436,-0.7679069042066679
437,-0.04653501895466669
438,-2.1435749015583316
439,-3.024291328640589
440,-4.084996975223665
441,-5.0724419709006705
442,-2.6835377917153336
443,-2.7828900225959954
444,-4.2115156466585555
445,-1.0415144832718692
446,-2.5232684354863357
447,-1.700004527713332
448,-1.9613129038972792
449,-4.072960567035999
450,-3.3979114149895495
451,-1.8849712149439983
452,-5.6575278787889225
453,-2.6296438090965
454,-5.220599295514673
455,-4.025738720691284
456,-2.377361165104166
457,-3.5090217517613436
458,-4.437384947039391
459,-4.149141508209005
460,0.1587328684479208
461,-3.967341232597992
462,-2.559349197324751
463,-6.35949738959101
464,-4.190532915369666
465,-1.5848197558363328
466,-1.7784513411611667
467,-0.3532790993769105
468,-2.599966092764554
469,-2.0285236892105063
470,-2.001738289826612
471,-2.2870624756556635
472,-7.342759663088329
473,-1.8575068596673319
474,-2.8583244523665545
475,-4.98541417493706
476,-2.463043743444111
477,-3.297833607052004
478,-3.1423833937924437
479,-1.6622279177021106
480,-5.214825930653683
481,-1.8924112535901096
482,-3.9803127028002816
483,-2.5939767251524435
484,-3.084348860641664
485,-1.7621584497706222
486,0.430917399296666
487,-4.575437401698172
488,-10.552313999999987
489,-1.4650892967833349
490,-1.385264862136998
491,-0.9783154999250013
492,-3.705773482558999
493,-2.3874223460139987
494,-2.407864881407359
495,-4.9493872494346665
496,-3.3156006563346656
497,-5.821285457398897
498,-4.200732349096004
499,-0.6919504649684127
500,-3.025425022240668
501,-3.164868660659307
502,-0.7295868237146675
503,-3.310771330858329
504,-3.9605750543253353
505,-2.457971574591557
506,-1.0850869481793317
507,-1.5099547000774274
508,-2.438378202548664
509,-0.5851881324326671
510,-2.6191585573397647
511,-3.5249890491676674
512,-1.6420750927542216
513,-4.159505059191105
514,-0.049423787308333286
515,-4.417918134223666
516,-0.2157150625866666
517,-1.3540633691590012
518,-3.4803385179928954
519,-4.26252364843633
520,-1.6022705274819997
521,-2.7347296836730024
522,-0.33773546978100005
523,-2.141515261647223
524,0.13927464758600017
525,-4.670629678976667
526,-3.738211725012333
527,-7.802476333333337
528,-7.004871256668935
529,-3.374680169564674
530,-2.814049471629
531,-2.9675466119779967
532,-1.1260679667239994
533,-3.1965092709923293
534,-4.1669638744921125
535,-1.5909077723146696
536,-4.906040595676517
537,-2.9955393301683313
538,-0.2964175856612225
539,-4.207989593396898
540,-2.405866898987003
541,-3.372507128498011
542,-4.11473881469284
543,-3.667703687867669
544,-6.021790763123325
545,-5.514116787893398
546,-2.465808576643226
547,-2.3619082056110012
548,-1.7286632827748887
549,-2.9603784608773327
550,-1.7175904948790004
551,-2.3702788052740003
552,-2.6037376024015004
553,-3.6535077372926708
554,-2.469497592874277
555,-2.620496586947287
556,-2.592536407624548
557,-1.8080811432487727
558,-0.7676988584496669
559,-2.31942493558744
560,-0.7641686913313345
561,-2.7784303761849998
562,-2.239698807777335
563,-2.695498328327751
564,-2.79212195802066
565,-4.230039858192659
566,-1.4739193798783354
567,-4.921269713148672
568,-5.526908849382339
569,-0.6533433572304332
570,-1.0098312174630004
571,-2.070054228778419
572,-1.823721112481556
573,-2.923603760978005
574,-3.4150687205306673
575,-4.7858206578157425
576,-2.4716235087654166
577,-3.2978144244624357
578,-3.230935684491001
579,-5.505342955936328
580,-4.027734552849997
581,-5.0704420831461565
582,-0.8601195132553339
583,-4.984273556775329
584,-2.594468749644163
585,-3.101054293812164
586,0.17766330409300066
587,-2.374731051804001
588,-4.4505735913348206
589,-1.1731973746631512
590,-4.141710785425001
591,-0.5553946407460008
592,-1.8660279935539468
593,-8.23589499999998
594,-3.0112822530291634
595,-3.064151972251581
596,-5.837994595598667
597,-1.0454382497800014
598,-4.06771270336832
599,-4.852252406043288
600,-2.1733912742393358
601,-2.224320010354355
602,-2.3746453913597803
603,-6.803003119976996
604,-2.353064168435832
605,-5.076459116508454
606,-4.262750575017547
607,-4.077744792764838
608,-2.4773375704013305
609,-2.203975305780939
610,-2.23920177213489
611,-4.107654704255782
612,-5.32362277360664
613,-2.8070949993016616
614,-1.1080737107335554
615,-2.412984221379329
616,-2.0088519160963756
617,-1.625966861816108
618,0.11894865783833432
619,-3.0672989105509934
620,-3.337034280225667
621,-0.7290445479120012
622,-1.7385924622399473
623,-2.6285306521817775
624,0.034123762303666795
625,-4.652576470660665
626,-2.251304561684361
627,-2.897795345588335
628,-0.44455885744044443
629,-5.227065606487204
630,-2.2250011303427066
631,-6.769509953072398
632,-2.8339664732293306
633,-0.3742926078283332
634,-1.7518669189953338
635,-1.7414810158160008
636,-3.1853890576606685
637,-1.1492649033043578
638,-2.124608699865378
639,-3.255301381898221
640,-7.341222001305349
641,-2.5102952482289966
642,-4.354785302019667
643,-0.7119610922590024
644,-3.004612170641667
645,-3.920604625205501
646,-3.2534534684383347
647,-4.906980853627351
648,-3.7113014448057813
649,-1.1864832139879176
650,1.1322637872389982
651,-1.6074112615367895
652,-2.5113087139227765
653,-2.7016456675419986
654,-3.086985491821189
655,-2.0702081791097755
656,-3.876250433273329
657,-3.039293258494884
658,-0.2325959696626668
659,-1.6104357768986641
660,-2.206656600118338
661,-2.6765806387448308
662,-6.371295795676002
663,-0.6834383560450015
664,-0.4789853609795558
665,-7.711985999999991
666,-0.7990297638141116
667,-3.6130503492293373
668,-2.4956736248109954
669,-2.150868855094001
670,-5.044119302290666
671,-0.2046194895200009
672,-4.566476786428025
673,-3.3990742993524394
674,-1.7395098361639698
675,-2.227291987708225
676,-0.4919656025893331
677,0.9423678399056634
678,-2.9048066039453335
679,-3.6171032441906634
680,-2.855532686785081
681,-4.412748588621373
682,-4.283200109850332
683,-3.924864601831
684,-1.5916901601356648
685,-5.4818469516181105
686,-2.4145207937344444
687,-3.6417034967674953
688,-3.5879639773152237
689,-2.778391454889133
690,0.49772243258475024
691,-0.13920288989233334
692,-4.473557388327781
693,-1.766578034381112
694,0.34019076664766623
695,-4.17233350692939
696,-2.7736077612553323
697,-4.970225005262804
698,-2.207993175688664
699,-0.5041228672879999
700,-1.7327677393455545
701,-3.949327873579
702,-3.197756733082946
703,-1.7230091357933313
704,-2.1889546001763325
705,-1.5334977395091138
706,-2.923458530506109
707,-2.3234678643770055
708,-7.995827666666654
709,-3.1086641224446665
710,-2.5547614184330834
711,-5.821285457398897
712,0.7111016085566656
713,-2.884290543080965
714,-0.04738535663188886
715,-1.3656149261063326
716,-1.3211338706323315
717,-0.9936186702033342
718,-2.338250813677333
719,-0.9707093982902222
720,-3.0861216424139997
721,-2.333673805421174
722,-3.128851462447996
723,-5.328417377481344
724,-2.0775486689214997
725,-0.8940831891714225
726,-6.567390336803653
727,-2.0804871889777763
728,-0.3288829072433325
729,-2.6048432007053357
730,-3.1815895209431124
731,0.008783362668333372
732,-1.6830825744964673
733,-2.4492631363213357
734,-2.0227434879730017
735,-1.9537885045606633
736,0.3565097672217779
737,-0.7676988584496669
738,-2.9195168890123315
739,-7.946926666666661
740,-4.247745813544939
741,-6.396429833546003
742,-1.1737209471908054
743,-2.816782345942333
744,-2.4477414201529886
745,-6.403738448802996
746,-1.2100010635472198
747,-1.855953911726671
748,-4.845966993696778
749,0.16482431578833254
750,-6.808214840745032
751,-3.4365125425346665
752,0.23590152793838867
753,-3.674708507390667
754,-3.1861308758762226
755,-1.4170430057650014
756,-0.19146133433233334
757,-3.5957378605079984
758,-1.0001661604293333
759,-1.8713433543653333
760,-1.0694907976570007
761,-2.713865564304999
762,-0.7423600969985775
763,-2.179386373683443
764,-2.9045430335576636
765,0.6817034245566669
766,-4.218044324867898
767,-3.786599790509336
768,-1.7128681532998558
769,-1.2607678913093319
770,-4.110375708976698
771,-1.6321435424327766
772,-1.7630390845312225
773,-3.203991768920159
774,-1.9001687169850012
775,-3.253999094033754
776,-7.807514759329663
777,-2.262913362203999
778,-1.8484389067629987
779,-6.064071194358986
780,-3.2623427402246694
781,-4.47885804881516
782,-5.5926297038786625
783,-2.6772209266033924
784,-7.112012328541008
785,-1.640034322880166
786,-0.622866286912334
787,-3.502005504320442
788,-5.486496165074339
789,-4.131227499858334
790,-0.7161717065037768
791,-2.334703589419002
792,-3.1096834387423273
793,-2.135820538345664
794,0.9523812291056676
795,-7.708009666666668
796,-2.317857113277999
797,-5.006755250983004
798,-1.2930138696349993
799,-2.7219132227696075
800,-2.598182797209002
801,-2.1581304312806635
802,-3.0428842174546675
803,-0.7129097931595836
804,-3.399661151845889
805,-4.910118866421181
806,-1.8423987565793334
807,-2.7085108950666417
808,-3.1701309027396682
809,-1.1607628938413337
810,-3.89803992096922
811,-2.8791410537403035
812,-2.6255570323346684
813,-1.279998931804533
814,-6.624296362716344
815,-2.035968342767666
816,-4.698515386476329
817,-2.104455055065335
818,-2.3083018546635548
819,-1.4898249429572485
820,-2.5050588405727794
821,-1.8980304474239984
822,-1.6421330500559983
823,-3.1432096826416718
824,-2.5374039229588345
825,-2.6631551517360013
826,-1.158531281062683
827,-4.534838924413673
828,-5.454688251202334
829,-0.877185019392947
830,-3.847671330628331
831,-2.3766414622897782
832,-2.3972451476723364
833,-2.4900759116682774
834,-4.467367815419666
835,-2.645054649713113
836,-2.331383332017447
837,-3.787564409520667
838,-5.006367777279331
839,0.8289418392863303
840,-3.772383953887329
841,-4.183635396555333
842,-1.0793864569016665
843,-7.528742611726892
844,-0.9626326638612211
845,-4.191746103039675
846,-3.26760109849167
847,-4.552640635940908
848,-4.2449988139810015
849,-1.0205143070412233
850,-2.6231562219208886
851,-3.3641858624885
852,-1.8397946645154435
853,-1.4652971892242235
854,-0.97782639678
855,-2.9584401984613318
856,-7.0522738425941816
857,-3.288096940966443
858,-0.4079372548946663
859,-2.217746254678511
860,-1.9673080259130002
861,-1.568849426242329
862,-4.331656204019443
863,-1.635061224917447
864,-1.171923117587698
865,-1.424117477699999
866,-2.940002351494659
867,-3.532243233656667
868,0.14600963739116643
869,-2.7762745685973362
870,-3.7810926248826666
871,-2.5288493103873333
872,-1.9232945077298886
873,-2.6619627546063342
874,-2.782677751124113
875,-7.663618333333332
876,-1.7338285181796675
877,-0.37127989382266663
878,-1.8509111912565566
879,-3.2327951505486703
880,-0.4785768104777775
881,-4.319534419557229
882,-5.06115000428479
883,-3.251895552612223
884,-6.350919222930001
885,-2.404649387119
886,-4.32427497657633
887,-2.2579408895793307
888,-1.1099839006096686
889,-1.8611541636600004
890,-1.9307777680006666
891,-1.90271918510908
892,-3.283887494107664
893,0.18021444284633367
894,-8.00012773183393
895,-3.6929768151854305
896,-9.094043999999977
897,-2.0754578368963745
898,-1.7722995249676672
899,-1.8530810577316734
900,-0.7290523288026662
901,-0.6584044380233339
902,-2.907160490630661
903,-4.863426585893414
904,-2.01213988614878
905,-4.2422666485096645
906,-4.4680890734323375
907,0.04805619190833328
908,-1.4725342329015014
909,-2.203994647617774
910,-2.009803130813668
911,-3.556097569617677
912,-4.262750575017547
913,-4.4218734945254345
914,-2.885177310067334
915,-4.125324689530335
916,-1.35721232441125
917,0.6881679001112225
918,-3.1629537409237827
919,-0.9259485577423324
920,-2.5015128102267234
921,-3.518945769257667
922,-0.21020144971873253
923,-4.117521435453516
924,-4.072382178281666
925,-2.5287620531622212
926,-4.893755653246673
927,-7.127748089390344
928,-1.6374848100375547
929,-1.091989054017668
930,-4.385207668360998
931,-1.9210955827565006
932,-1.2900502981866664
933,-1.2777192565415576
934,-4.67078516243685
935,-6.28384757269333
936,-1.4603221185999984
937,-4.023554044176336
938,-3.7374599023286645
939,-1.4557996745409993
940,-7.121757333333341
941,-6.204976199380008
942,-1.9966547086683344
943,-6.691412481702005
944,-6.399420713973586
945,-4.365729562260217
946,-0.7291711479602216
947,-4.165215394360992
948,-3.024083253041836
949,-2.7866182229116623
950,-1.1064657690275561
951,-0.995913365843334
952,-1.161356203236762
953,-3.660698515833361
954,-2.407263532894947
955,-0.20255860027183362
956,-0.48414409427400007
957,-4.086365181999326
958,-1.5921478507850033
959,-2.9844148695024857
960,-0.8149756265710005
961,0.7071559996170035
962,-3.689193365401051
963,-0.770636502232779
964,-5.972121521036004
965,-6.675326256459001
966,-3.492682495179132
967,-2.394187786690083
968,-4.25059231028233
969,-4.192869503500969
970,-2.7488045584295557
971,-3.329613994236334
972,-2.5784748475846144
973,-2.8729539976578335
974,-5.635201083684326
975,-0.5676256644051122
976,-2.4540977881005555
977,-3.2629970429129993
978,-3.840637143332667
979,-1.6392467658588852
980,-2.5797686028070292
981,-3.669417253919174
982,-1.5712332031542235
983,-2.219896390086904
984,-4.104966504077328
985,-2.66022626333267
986,0.3258242981211112
987,-1.224792994939
988,-1.6963077001473366
989,-1.9458310176239968
990,-3.6067533615368923
991,-5.709942385575338
992,-4.310782344906555
993,-2.894547638196332
994,-3.8623859462863295
995,-0.7547032144809989
996,-3.027295954051333
997,-1.2878334008966643
998,-1.986654053542003
999,-2.0257642312886683
1000,-1.5560980651093794
1001,-1.8764131769583343
1002,-7.6536149999999985
1003,-5.168859165419659
1004,-4.143203309698666
1005,-2.4412935842310017
1006,-0.18626774786313316
1007,-7.716201666666655
1008,-1.2127147793315536
1009,-0.9339459026657789
1010,-2.166494373273998
1011,-2.8510005169421087
1012,-3.798432381138331
1013,-1.3038602721860009
1014,0.01732225594566667
1015,-2.267492542224334
1016,-2.495312144807334
1017,-2.9626803819050003
1018,-3.3904077552325784
1019,-4.409525330780391
1020,-2.1077672928390006
1021,-4.180439080662333
1022,-2.0469327322535524
1023,-0.32409220520833376
1024,-2.9094721369769974
1025,-3.009012315927891
1026,-2.67390118626566
1027,-3.974319322359998
1028,-6.525560300856571
1029,-1.4774638194451113
1030,-8.00012773183393
1031,-5.687376966018447
1032,-2.104501067475889
1033,-3.2200300892640024
1034,0.46428995644622156
1035,-0.6256637947623328
1036,-2.4059010933340015
1037,-1.354765641842333
1038,-1.1358552964436945
1039,-1.2845283029767762
1040,-0.5613581459170669
1041,-3.0733146726613287
1042,-3.0370546913422447
1043,-3.266403110080331
1044,-4.401037449160696
1045,-5.298544870488995
1046,-7.208571200090355
1047,-2.986195468183005
1048,-2.343696210557588
1049,-2.39281131631089
1050,-3.0054592146756622
1051,-2.9517334135605227
1052,-2.6606544899283344
1053,-0.09000571807366653
1054,-2.351670587518722
1055,-2.1994747953900005
1056,-3.918341010464557
1057,0.10207011512100005
1058,-3.371744248672111
1059,-2.3343858953453323
1060,-3.1564204779299945
1061,-5.657298984112332
1062,-2.4846916977276665
1063,-1.884658862779
1064,-1.469540155927488
1065,-3.0016207168543345
1066,-2.5894211489709993
1067,-2.1348826153323333
1068,-3.197253078380448
1069,-4.5628908174010006
1070,-2.340360423286917
1071,-2.757451792603109
1072,-2.4469583919188214
1073,-1.6617098741049958
1074,-6.086558891034667
1075,-7.074028052060987
1076,-5.787307317787341
1077,-3.2922370646700045
1078,-3.3037245025128907
1079,-3.096329619740336
1080,-3.667880519930336
1081,-8.876210666666667
1082,-2.1526354677604473
1083,-6.360101578931659
1084,-0.04391805450127777
1085,-3.34233665864783
1086,-5.299745228092545
1087,-0.9770895069396665
1088,-1.5423251787644665
1089,-3.830614980608892
1090,-3.5874658023686736
1091,-4.005743536363404
1092,-1.8786370761093356
1093,-3.5157169912731017
1094,-3.880298568100994
1095,-3.6962258150298695
1096,-3.26639754290636
1097,-1.5527013396904272
1098,-3.621147385008665
1099,-3.8656332480449933
1100,-1.2715736171323349
1101,-4.193590635138873
1102,-1.9403573321058312
1103,-1.5938329976482917
1104,-3.153218854099748
1105,-2.108768750444799
1106,-1.55331802358311
1107,-1.49719795081978
1108,-1.5110039976111118
1109,-2.724240755692665
1110,-4.931699716043717
1111,-0.0356099294704
1112,-3.2106513449748886
1113,-2.974905904641999
1114,-0.977765145857665
1115,-7.435515364869337
1116,-1.8831308273033363
1117,-2.3480817215573317
1118,-2.327072545455333
1119,-6.724830882545671
1120,-2.9597769333366672
1121,-4.872658868558672
1122,-6.998844939003658
1123,-3.6193976138706176
1124,-3.670417418899007
1125,-3.7409650010653364
1126,-1.8499542631136676
1127,-1.2972675774587787
1128,-4.3588749149200146
1129,-5.833666951583338
1130,-2.1503747914782756
1131,-7.035769774266314
1132,-6.201560438400676
1133,-5.643129034127305
1134,-7.941166445106409
1135,-5.732552488857992
1136,-1.2548413981362532
1137,-2.9816744845660015
1138,-2.809947523080332
1139,-3.1666085924033327
1140,0.6385764289856668
1141,-5.898857586998284
1142,-2.708284137387634
1143,0.3479438084898002
1144,-0.4673287689446668
1145,0.2398246400750001
1146,-4.446730942822499
1147,-0.3948400103417793
1148,0.8260739644446647
1149,-2.1067859931351123
1150,-2.7166340963369984
1151,-1.6576803042748864
1152,-0.7575850283433341
1153,-1.928599190284669
1154,-4.394908978816529
1155,-2.803092961941
1156,-4.031315854068003
1157,-0.9988812849572656
1158,-2.6416067829546708
1159,0.0123517228790667
1160,-1.7984579119006652
1161,-3.0651728873926656
1162,-2.926936967401332
1163,-7.355663040200668
1164,-2.816956551277998
1165,-0.5400189696570006
1166,-0.44999905420069825
1167,-1.9055506484053342
1168,-4.903384846342671
1169,-2.554521772164222
1170,-7.784608666666679
1171,-2.0851782029632218
1172,-2.8269013635774933
1173,0.8916822860643311
1174,-0.08253100535833338
1175,-0.8743376218727622
1176,-5.264152347212327
1177,-2.978131412045776
1178,-3.882742519214724
1179,-1.325704979057278
1180,-0.3803078575580002
1181,-4.674064832412996
1182,-5.375892903688111
1183,-2.937690176690554
1184,-2.5549316224350016
1185,-3.522720103244889
1186,0.1136470176050003
1187,-4.190787573762002
1188,-5.646807492873001
1189,-2.1409958381713348
1190,-1.0737670768131442
1191,-2.9782434334243315
1192,-2.915218537125776
1193,-3.3310918046980023
1194,-3.403127592327342
1195,-1.5036686168399995
1196,-5.722114363961823
1197,-3.911252381052838
1198,-2.0876523869298325
1199,-2.274055022091446
1200,-8.036238333333348
1201,-5.374773395442561
1202,-2.7928504301921686
1203,-1.7625594089070011
1204,-4.841488110866538
1205,-3.6084046869349935
1206,-2.4111988812737226
1207,-3.074183736277834
1208,-3.1708047096712773
1209,-0.7116267163393328
1210,-6.4987916914225705
1211,-6.767468146897571
1212,-3.425676508378512
1213,-2.0738590203642446
1214,-3.6036766206191198
1215,-2.5450620472872285
1216,-1.8641890007793305
1217,-2.0518800437699993
1218,-2.683858463631107
1219,-3.276382285160998
1220,-2.1133618282673883
1221,-0.411514283864888
1222,-0.3058416916731111
1223,-2.236663191265142
1224,-3.030649078935335
1225,-0.8297076961453334
1226,-1.634942365960973
1227,-2.530846295533665
1228,-2.3597092808606663
1229,-3.7008489570138923
1230,-1.7325836451740528
1231,0.2615359321593343
1232,-3.5885206518497785
1233,-2.014761920174392
1234,-1.179123768148666
1235,-1.6270082629557785
1236,-2.5226489243860053
1237,-3.7510260712860966
1238,-2.125180729177711
1239,-0.6207382347996663
1240,0.025441712841333407
1241,-1.9712547035516672
1242,-6.49925333305699
1243,-1.5909673647060008
1244,-1.9952888178530817
1245,-6.511336955307002
1246,-2.4213438669217755
1247,-1.389752055912722
1248,-5.470795213532222
1249,-7.1196530295741
1250,-4.339202154323341
1251,-3.386957841426337
1252,0.80962639935833
1253,-2.0197034251543364
1254,-4.721983303324
1255,-3.057722047490891
1256,-3.1678054849470056
1257,-2.7904236312181636
1258,-8.072860666666669
1259,-3.3730531896733327
1260,-1.2334896616934439
1261,-6.672163897156331
1262,-1.6816673053702214
1263,-2.1147843462271116
1264,-3.3531149176538344
1265,0.03568320669666659
1266,-4.346255081032138
1267,-1.6901345789983317
1268,-4.889281306013891
1269,-3.898323186078885
1270,-3.0932731495860035
1271,-2.561696733143999
1272,-6.985337519278007
1273,-3.6335374912691503
1274,-3.3452638889991655
1275,-2.9680362787010024
1276,-4.93495976006159
1277,-2.7915843763533394
1278,0.29419206228233274
1279,-4.011918726865
1280,-4.70325215698867
1281,-0.3494208874049445
1282,-1.304175372016002
1283,-3.8350998929419977
1284,-2.314072072074109
1285,0.42481885009599923
1286,-2.1497415362132246
1287,-3.600954241535334
1288,-2.2518902814584876
1289,-1.9888495417581664
1290,-0.7295743211076676
1291,-1.788641772677979
1292,-0.9461411821755773
1293,-2.8229391841806626
1294,-0.912373909283334
1295,-3.961082903656001
1296,-2.837549389086328
1297,-4.566476786428025
1298,-4.207069426704899
1299,-2.47596487333322
1300,-1.472274527638668
1301,-3.471748981014992
1302,-3.87620301211956
1303,-1.7507828732030009
1304,-4.4106417283446655
1305,-4.758087222721556
1306,-4.319340567030756
1307,-4.51725137093787
1308,-2.1808673535483343
1309,-2.0720032042010015
1310,-3.364578967018335
1311,-2.486761431859666
1312,-0.9996860291350006
1313,-2.8523471031949486
1314,-5.802211732935348
1315,-1.3785812111558335
1316,-5.092538534449338
1317,-2.7826366728922514
1318,-3.7185790297772217
1319,-4.207719164883004
1320,-3.674817675861338
1321,-1.057957361554168
1322,-8.234937949004342
1323,-2.990745860303003
1324,-4.24159604696188
1325,-1.8750929087223336
1326,-3.291927168631004
1327,-7.56336400361667
1328,-2.975424976488052
1329,-5.498750096056673
1330,-2.3583464459310015
1331,-2.708284137387634
1332,-2.4919678896321127
1333,-2.5417341961116646
1334,-0.6824097566843337
1335,-4.164525693311056
1336,-0.24838185199555549
1337,-2.4262471093780005
1338,-2.837549389086328
1339,-1.9524506510637765
1340,-0.00918584817500005
1341,-0.522734191957445
1342,-1.8944136235430002
1343,-2.8293495020718895
1344,-3.4778301278496633
1345,-4.3884308464099995
1346,-1.7985091368108916
1347,-4.498435807769664
1348,-2.3224055486808877
1349,-3.963025355095001
1350,-6.186862388533461
1351,-0.0601776380356666
1352,-1.6960847747656693
1353,-2.3561840973438923
1354,-2.2929148073353325
1355,-2.3180681082182613
1356,-6.577646718177321
1357,-2.3816030098628866
1358,-2.7101086818928986
1359,-0.783774292670335
1360,-3.0843556442705276
1361,-1.8672347646673335
1362,-2.087357108257333
1363,-2.3002448261510007
1364,-2.6112906782906653
1365,-7.05000079806228
1366,0.035137105685000024
1367,-0.1363114707216668
1368,-1.1689334161712215
1369,0.3740165856353325
1370,-1.403384660113
1371,-1.351840241034334
1372,-1.8533148909448873
1373,-1.594756927333668
1374,-2.3848660084642064
1375,-2.262217968785332
1376,-2.4367060629149173
1377,-2.1710745936893314
1378,-2.915693488915667
1379,-4.750371891423168
1380,-5.884115862045327
1381,-2.476459499264333
1382,-3.304413037937999
1383,-0.41950156560094387
1384,-4.139242796618124
1385,-1.7273891552494467
1386,-0.32570566988333255
1387,-1.5447032871741977
1388,-3.8054178695449923
1389,-2.732095182053526
1390,-3.485196303684998
1391,-7.450147561195812
1392,-1.8250366357802201
1393,-1.9327427728390012
1394,-8.520046333333338
1395,-6.769509953072398
1396,-1.8148160385583314
1397,-1.7227266218112236
1398,-5.542798355653657
1399,-2.9476586986033895
1400,-4.089320175406001
1401,-4.193884737956768
1402,-1.3395999327460026
1403,-4.290863403522003
1404,-2.11175729915767
1405,-0.7312262015383346
1406,-2.4975864125227774
1407,-0.3534373977913339
1408,-8.781993000000003
1409,-7.566506928731338
1410,-3.323594482496496
1411,-3.5950108778895697
1412,-6.58628000216999
1413,-3.1944984124800015
1414,-2.7932900235136704
1415,-3.0639633989600066
1416,-2.5239711602300017
1417,-3.064151972251581
1418,-2.1133776190329994
1419,-4.764802997893168
1420,-5.83148407840199
1421,-1.1388470777896675
1422,-4.543085858911592
1423,-2.3285343279541664
1424,0.6211775930782221
1425,-4.164525693311056
1426,-2.932442594717004
1427,-4.053347641075675
1428,-1.2934933606996675
1429,-1.7950896454260021
1430,-1.462619218503768
1431,-5.54365629384333
1432,-0.6981435134230013
1433,-2.4060489369733333
1434,-1.248407558500554
1435,-4.979884130519028
1436,-2.270517570808666
1437,-3.949243791259894
1438,0.2788963447785565
1439,-0.8329952841098092
1440,-7.740706896570335
1441,-3.4277933705062256
1442,-4.586532697286231
1443,-6.35949738959101
1444,-2.1315937566021668
1445,0.18074786074599983
1446,-0.6671218102183342
1447,-3.4151455566199527
1448,0.19293885091419385
1449,-0.9390183247746665
1450,-2.064807370432998
1451,-0.22231111009833304
1452,-0.8677449292055546
1453,-4.459957079146341
1454,-2.4753759607486705
1455,-2.2094441368826656
1456,-3.211627584080331
1457,-2.0943665447167503
1458,-8.392811333333334
1459,-2.6992913876643287
1460,-6.5256141540200066
1461,0.1794043301059999
1462,-1.3975415067903227
1463,-2.1115262011867726
1464,-1.9135935707638903
1465,-3.6246614372757744
1466,-2.6857808268698853
1467,-4.262750575017547
1468,-0.9160708152722219
1469,-1.3337657985726672
1470,-2.737566253343721
1471,-1.398731208957111
1472,-0.19961342906683371
1473,-3.3629627712153387
1474,-3.1148257188497768
1475,-8.762162096517347
1476,-3.9149344245123574
1477,-1.4352805898129988
1478,-1.7609647469849983
1479,-1.8777389542403322
1480,-2.4104714456235556
1481,-3.1712440994001185
1482,-2.689970120458115
1483,-6.01263702827121
1484,-3.059202726761003
1485,-2.8227753598823315
1486,-3.3158965488520913
1487,0.21002812148200053
1488,-0.24998905474400004
1489,-4.715044619702003
1490,-1.8631218508369995
1491,-3.217373515431669
1492,-3.3880903320185536
1493,-5.489818503620372
1494,-6.402313869388659
1495,-1.0068936397863326
1496,-4.610658383709338
1497,-2.468203413838997
1498,-3.0533355654481373
1499,-4.232831811903002
1500,-2.485627091618218
1501,-3.464117537835887
1502,-3.0269617115777683
1503,-3.5702673981263446
1504,-2.7769617166879703
1505,-6.013352973847777
1506,-6.028906450891987
1507,-2.1780482767659985
1508,0.052907985053388826
1509,-2.457558404302111
1510,-2.878152474631998
1511,-2.9208053310001056
1512,-1.221715519410335
1513,-0.07792116645073051
1514,-3.118852509461995
1515,-1.7262029357091095
1516,-3.367740555835677
1517,-2.337018460033155
1518,-7.963214666666652
1519,-1.8751877912073325
1520,-2.6858032965340053
1521,-3.1387211371182886
1522,-3.951973360416333
1523,-4.812869906255555
1524,-1.7825835142923327
1525,0.39350956704099954
1526,-2.3106885368649954
1527,-3.997006278511156
1528,-3.781500059142667
1529,-2.474358385614668
1530,-3.4004654916769934
1531,-3.009032624527442
1532,-5.476775935186876
1533,-2.8946923336054664
1534,-0.4153004705629998
1535,-3.8665186901755546
1536,-7.464982630975663
1537,-0.9056950930663635
1538,-2.3397848872229985
1539,-2.369807899041775
1540,-2.4452758617446624
1541,0.5327406757672222
1542,0.30483906170299957
1543,-3.38386576648272
1544,-3.009758137862664
1545,-2.6780007241090003
1546,-1.406344832296001
1547,-5.153894789331673
1548,-2.24164441884289
1549,-2.176659498361332
1550,0.8596012283569976
1551,-3.7451806750678855
1552,-3.2455411273026673
1553,-1.2853483809193342
1554,-7.567587666666668
1555,-4.340510604949444
1556,-0.877185019392947
1557,-1.792126026989999
1558,-4.2777614915036635
1559,-4.612654892426787
1560,-5.673734835339
1561,-1.9937725345073325
1562,-3.1158347980430006
1563,-2.307705925943557
1564,-1.7765287214515562
1565,-7.534029666666667
1566,-2.58520105466466
1567,-2.215024449659667
1568,-1.5033660191818892
1569,-4.351897666293498
1570,-3.0572259343971036
1571,-1.3609463880316672
1572,-3.588629636765332
1573,-2.3994537936400016
1574,-3.293805291097668
1575,-4.7349423015483385
1576,0.43528478453766695
1577,-1.8514303005233335
1578,-1.3197202888679989
1579,-0.37097159507799965
1580,-2.8804422370723324
1581,-6.468372612634997
1582,-2.880797641934062
1583,-1.1470773903005558
1584,-2.0688164820743316
1585,0.5186563240503335
1586,-0.27290583147200037
1587,-0.009094497556666659
1588,-6.543360013115865
1589,-2.1684933642543345
1590,-4.286834359580998
1591,0.29553399232388905
1592,-1.4945296497003324
1593,-4.232624332404659
1594,-3.485874319208673
1595,-0.25371938464811655
1596,-0.9451779140263329
1597,-4.7074191999233355
1598,-2.2482686734454753
1599,-5.639944485233801
1600,0.26527455968599983
1601,-4.014483850988223
1602,-2.2109976973036667
1603,-4.9299032114086785
1604,-4.6480038131845625
1605,-4.358745188852041
1606,-4.332267445325775
1607,-2.8249787340523427
1608,-3.2709926245484433
1609,-0.7864824449066664
1610,-2.580549828060445
1611,-1.1601056615353318
1612,-0.030649233044400023
1613,-4.435354137216329
1614,-2.1017449452728436
1615,-3.161646737406335
1616,-2.128703815273341
1617,-2.2099717599165567
1618,-1.4272134016775302
1619,-3.554200296936775
1620,0.17631572311500074
1621,-1.2246196951474757
1622,-0.14978604320799982
1623,-2.611464382886847
1624,-2.4282980770643285
1625,-0.5536875541542196
1626,0.7405956644689996
1627,-3.012969059214665
1628,-1.0222020562331386
1629,-1.4884392323986637
1630,-1.998417848729888
1631,-6.074500294258661
1632,-7.027582977445958
1633,-4.254634425635337
1634,-4.380280565003667
1635,-0.933889153866333
1636,-3.1773046431766603
1637,-1.7166823566858336
1638,-2.540558143693289
1639,-1.7501716382756696
1640,-0.7719188398827345
1641,-2.4736743964338332
1642,-3.1657579259850013
1643,-2.8812746478339997
1644,-1.7819116374723303
1645,-2.857871875766604
1646,-2.6505436687544623
1647,-0.48092520143666717
1648,-4.566476786428025
1649,-1.0863067938626672
1650,0.41661857603000046
1651,-2.462460245546219
1652,-4.567985287858343
1653,-3.064151972251581
1654,-3.0499527470462175
1655,-2.7660393118559945
1656,-0.965645502246598
1657,-3.256914117628394
1658,0.8742144859406659
1659,-2.690490312078336
1660,-3.525049171459499
1661,-7.888615408134333
1662,-6.80137208840267
1663,-1.4134577335593332
1664,0.25411334679418873
1665,-1.8403809612431121
1666,-2.9787869647861474
1667,-1.720848298137
1668,0.015825728791066727
1669,-2.7868403513395537
1670,-5.770397685724989
1671,-2.6800244251319327
1672,-6.669128037130821
1673,-3.077327932871666
1674,-6.130058209041212
1675,-4.247745813544939
1676,-2.829446405913557
1677,-1.7539634730408906
1678,-1.3396920802507282
1679,-2.933869315370501
1680,-1.4727672781026409
1681,-6.073848166041392
1682,-1.357978603285338
1683,-1.6187582829288332
1684,-5.179998663845313
1685,-1.090930116684531
1686,-2.7078563060827237
1687,-2.18758164825789
1688,0.08702567480300011
1689,-5.637592329064338
1690,-2.5475473996818887
1691,0.3397597970670438
1692,-2.1229245839227664
1693,-1.2870245467740271
1694,-1.0319060887031104
1695,-4.270889347372279
1696,-0.6184738600056672
1697,-4.930558839554222
1698,-0.07075516480566639
1699,-2.4075371794912233
1700,-1.669078814736334
1701,-3.2408894628956775
1702,-4.3425039515767185
1703,-0.3516925140496668
1704,-2.179180559734555
1705,-4.508124821999336
1706,-4.110822269307995
1707,-2.3661440281573873
1708,0.06871767557483333
1709,-2.544004225646333
1710,-4.0772343708867735
1711,0.25667715136744423
1712,-2.4045019185233363
1713,-2.216140444680115
1714,-2.78783681728867
1715,-3.776275648626719
1716,-7.076029699975664
1717,-3.34344152958891
1718,-3.337833638810665
1719,-3.557249000071166
1720,-3.0451139457486645
1721,-3.1124376538747742
1722,-2.5249997210423376
1723,-2.561384867082331
1724,-0.6875819114846664
1725,-3.8161647755286663
1726,-2.6745628581336662
1727,-2.236853276967445
1728,-3.4934352212001096
1729,0.2917208479946666
1730,-3.024391524115997
1731,-3.2980019561489997
1732,-2.2569834562290008
1733,-1.1764920160535548
1734,-1.3672465087929144
1735,-4.774490752152662
1736,-3.3221541280899993
1737,-2.4381394408955828
1738,-3.812539016148778
1739,-2.737270539452555
1740,-0.4006667368691106
1741,-5.056764140458992
1742,-2.5420227915397815
1743,-5.193158199361995
1744,-0.33724204676800046
1745,-6.073305795323343
1746,-4.0489445355464095
1747,0.4526202517979994
1748,0.25559212337500087
1749,-4.513599009157669
1750,-0.737523769696556
1751,-1.9729399499103328
1752,-1.0600594599050008
1753,-5.059816889605363
1754,-2.4558124705479982
1755,-2.339916840892
1756,-0.7834072909583333
1757,-5.065969900613665
1758,-2.7838024543085553
1759,0.25874043334199986
1760,-3.560339297973662
1761,-4.469488907144334
1762,-0.32426518639599927
1763,-1.557149092727997
1764,-1.5382487089386665
1765,0.09693494925383338
1766,-5.227065606487204
1767,-1.0737670768131442
1768,-2.1883049301857227
1769,-1.0931672113304451
1770,-2.715568065859181
1771,-0.7132906223214156
1772,-4.031006791429625
1773,-3.3378521760190023
1774,-5.326462044161003
1775,-5.645397771513318
1776,-2.516760894089331
1777,-2.279030908227223
1778,-2.49426094057533
1779,-3.2648936364143264
1780,-1.0768659744173334
1781,-3.502130241050341
1782,-2.1221369777304435
1783,-2.520656219206998
1784,0.3459756077939112
1785,-1.8620121487639982
1786,-4.855812918980474
1787,-2.3665687379489992
1788,-1.9091412078469985
1789,-2.7026975484816664
1790,-2.106859075797056
1791,-3.7683149183009976
1792,-1.9970112662020014
1793,-0.9237702073896659
1794,-4.16723073021856
1795,-4.9937509047073245
1796,-2.851441309774888
1797,-4.173990208935668
1798,-1.7060423667212217
1799,-2.1144537703100004
1800,-4.219608954694331
1801,-3.177831188458006
1802,-1.436092028751665
1803,-0.04580876162305551
1804,-2.3874989396123314
1805,-3.079363475853007
1806,-3.6346060999976673
1807,-3.4918927844727206
1808,-2.8991338042252206
1809,0.14259184125918897
1810,-3.3117580769823354
1811,0.34727665625733345
1812,-2.474928204608663
1813,-0.6256940992493366
1814,0.29767245835033357
1815,-2.868899460771003
1816,-2.436044192783666
1817,-4.225303200025667
1818,-1.1261398923794996
1819,-2.06002282866334
1820,-2.5624749309687687
1821,-4.838269419343169
1822,-4.535441998496226
1823,-3.9979315831711193
1824,-4.2013850574649965
1825,-2.0140146502610037
1826,-3.9001190654934446
1827,0.7765808846033322
1828,-4.490540211405448
1829,-7.55509934835867
1830,-1.336723260960334
1831,-7.684292194083928
1832,-0.24570778731266643
1833,-1.4711071225296666
1834,-5.810256841728613
1835,-2.255514119915328
1836,-3.739493245069388
1837,-1.5812268651128671
1838,-2.876419528614776
1839,-3.300901850354003
1840,-4.763931478904678
1841,-1.9575554558259178
1842,-4.129564818622663
1843,-4.662436845813681
1844,-2.0747231211273314
1845,-0.7197805769363332
1846,-4.251279789467988
1847,-3.625984157054391
1848,-4.6589628483243475
1849,-1.1923127589781115
1850,-4.042256346759666
1851,-1.5683365971957768
1852,-7.043452854791669
1853,-2.2733749110149963
1854,-6.35949738959101
1855,0.6003475751426655
1856,0.5963816938543333
1857,-3.8083967892941133
1858,-2.2041831632697764
1859,-2.9080282116583356
1860,-8.234579717448423
1861,-2.8408555165122427
1862,-2.708284137387634
1863,-2.180159950466691
1864,0.672403668619
1865,-0.7322209975328905
1866,-0.6783669949450009
1867,-0.7064463552743893
1868,-2.237329592704002
1869,-1.8801277086686417
1870,-3.248080701009
1871,-3.0315918048198878
1872,-2.0953550775161682
1873,-2.5571256678162215
1874,-2.8168099374448383
1875,-2.639849749903666
1876,-4.444654004470397
1877,-2.6931292266763336
1878,-3.30081665469269
1879,-5.02207961620233
1880,-2.0875622251870016
1881,-2.3929069965088186
1882,-3.4961248169965105
1883,-5.834472303852891
1884,-0.7036626260436663
1885,-1.9126949244828901
1886,-3.577099074714669
1887,-3.5090525658249976
1888,-2.2293077212184444
1889,-5.02447156750164
1890,-2.335181409119177
1891,-3.086548156659332
1892,-2.6632809903749988
1893,-3.797507973993551
1894,-0.5581489028086679
1895,-4.1790876372108805
1896,-2.8762264270416678
1897,-3.3648071594920004
1898,-3.704917209722723
1899,-4.1929341330148935
1900,-3.198132730050327
1901,-4.215365792021716
1902,-0.6979969835124165
1903,-5.4945054906381054
1904,-3.001568460844224
1905,-2.8549107730720116
1906,-2.3913573435813347
1907,-2.9295826598824455
1908,-4.990615691999745
1909,-0.309030560236889
1910,-5.748343757665002
1911,-1.864953039442834
1912,-2.328278696084333
1913,-2.360033996207117
1914,-2.4213516151864996
1915,0.457861096262268
1916,-1.303331378564335
1917,-5.274481953305011
1918,0.48208285319499994
1919,-0.790236965759669
1920,-5.027070544894999
1921,-0.8008175397616671
1922,-2.3344738492483326
1923,0.202743317218
1924,-0.9067076305810017
1925,-2.8022931362914423
1926,-2.3238958078647802
1927,-0.01646310973358336
1928,-1.9149502580149969
1929,-0.5341093774290288
1930,0.18299159394877787
1931,-3.277769873585647
1932,-0.5664756869236677
1933,-6.064071194358986
1934,-6.146116780321664
1935,-4.043280335768113
1936,-1.3006108350536658
1937,0.2281340549923334
1938,-3.0550533119091083
1939,-1.011507581136333
1940,-8.00012773183393
1941,-3.299628468849776
1942,-3.8360298568658893
1943,-5.072959018578328
1944,-1.9162522579963317
1945,-1.7426863429936665
1946,-1.6333421019986682
1947,-6.210132511672661
1948,-2.542951682257998
1949,-3.167956592377678
1950,-5.164565738462016
1951,-0.6040040137130007
1952,0.4235278874095316
1953,-6.676948510832681
1954,-4.286891376236223
1955,-3.6999068861469966
1956,-3.543576928520522
1957,-3.3618308264846646
1958,-5.3053447569230014
1959,-5.017377451127423
1960,-2.503480521565277
1961,-2.9871582577972156
1962,-3.4889669584996668
1963,-2.606427474005664
1964,0.45674826796933404
1965,-0.13129059680900013
1966,-6.933315017985672
1967,-1.7433025970042224
1968,-2.0808658578366703
1969,-0.20953462660640093
1970,-2.3322452068881394
1971,-3.8824519404513316
1972,-5.323722791275933
1973,-3.253434719648917
1974,-2.91079288850889
1975,-1.8815401745728892
1976,-1.3030385978626688
1977,-2.737973737928331
1978,-2.5046961982283307
1979,-3.5736338107641092
1980,-1.3510369837756668
1981,-2.416137220517499
1982,-2.7249385688576706
1983,-0.9168405695150028
1984,-7.463607999999988
1985,-2.8163624619808343
1986,-0.9755867553256676
1987,-3.2623905070943287
1988,-2.129026846251254
1989,0.3956880491783337
1990,-1.1973214372032213
1991,-0.4809819511539999
1992,-2.0772749008529994
1993,-1.6954261441645218
1994,-2.776118195386998
1995,-0.3530136480680006
