,smiles,LogP,model
0,Cc1cccnc1-c1ccc(N2C(=O)CSC2c2ccc(Cl)cc2Cl)cc1,6.14242,pre
1,CCC(C)(C)C1CCC2(CC1)NC(=O)N(CC(=O)OC)N(CCc1ccccc1F)C2=O,3.6752,pre
2,CCOC(=O)C1C2COc3ccc(C(F)(F)F)cc3C2N2C(=O)C(c3ccc(O)cc3)=C12,3.9071,pre
3,O=C(NN1C(=O)C(Cl)C2(O)C(O)C(O)C(O)C1O)c1ccccc12,0.0,pre
4,CCC(CO)NC(=O)c1cc(C(C)C)[nH]n1,1.0338,pre
5,O=C(COC(=O)c1ccc(C(F)(F)F)nc1)c1ccccc1,3.1401,pre
6,N#Cc1cccc(C(=O)NC(Cc2ccc3c(c2)C(=O)CC(Cc2ccccc2)C(N)=O)N3)c1,3.19938,pre
7,Fc1cccc(-c2nccc(NCc3cccc(Oc4ccccc4)c3)n2)c1,5.6871,pre
8,NC(=O)NC(Cc1c[nH]c2ccccc12)C(=O)NCC(c1ccc(F)cc1)N(CC1CCCO1)C(=O)OCc1ccccc1,4.5617,pre
9,Cc1ccc2oc(=O)c(C(=O)O)c(O)c2c1,1.50522,pre
10,Cn1c(-c2ccc(Cl)cc2)cc(-c2ccnc3ncccc23)c1C(=O)NCCC(=N)N,4.01157,pre
11,COc1cc(C=NNC(=O)c2nc3ccccc3nc2-c2ccc(OC)cc2)ccc1O,3.7835,pre
12,COc1cccc(-c2csc3ncnc(N4CCCN(C)CC4)c23)c1,3.5088,pre
13,O=C(O)c1cccc(-c2ccc3c(C(=O)O)c(O)c(-c4cccc(F)c4)n3c2)c1,4.5144,pre
14,c1ccc2nc(Nc3ccc4nc(-c5ccc(O)cc5)ccc4c3)[nH]c2c1,5.2273,pre
15,COCCc1ccc(Cl)c(CN(C(=O)C2CNCC(=O)N2c2ccc(C#Cc3cccc(F)c3)cc2)C(F)(F)F)c1,4.9212,pre
16,OC(Cc1ccc2c(c1)C(O)CC2)C(=O)O,0.6542,pre
17,OC1COC(n2cc(Cc3ccccc3)c3c(F)cc(-c4ccncc4)cc32)C(O)C1O,3.0447,pre
18,CC(=O)NCC(=O)NC(CC(=O)O)C(=O)CN1C(=O)N(C)C(Cc2ccccc2)C1=O,0.0,pre
19,O=C1CN(Cc2ccc(F)cc2)CCN1Cc1ccccc1F,2.8092,pre
20,CN(C)c1nccn2c(C(c3ccc(Cl)cc3)c3ccc(F)cc3)cnc12,4.768,pre
21,COc1cc(C(C)NCc2cc(O)c3c(Cl)cc(Cl)cc3n2)cc(OC)c1OC,5.1238,pre
22,Cn1nnnc1SCC(=O)NN=Cc1ccco1,0.0455,pre
23,COc1ccccc1C1C(C(=O)C(C)C)C(=O)C(=O)N1c1ccc(-c2ccsc2)cc1,4.922,pre
24,CCC1CC(C2CCC3=C2C(=O)c2c(cc4c(c2OC)OCO4)C2C(C(=O)O)C=CC2N3C)C(=O)N1c1cccc(OC)c1,4.7792,pre
25,Oc1ccc(-c2cc(-c3ccncc3)nc3ccccc23)cc1O,4.375,pre
26,Cc1csc(Nc2nc(-c3cccs3)nn2S(=O)(=O)c2ccccc2)n1,3.75212,pre
27,Cn1cc(-c2ccc(O)c(Cl)c2)c(-c2ccc(Cl)cc2)n1,4.7665,pre
28,O=C(Nc1cccc([N+](=O)[O-])c1)c1ccccc1NS(=O)(=O)c1cc(Cl)c(Cl)cc1Cl,5.6081,pre
29,N#Cc1cc(F)c(NCc2cccc(S(N)(=O)=O)c2)c(F)c1,2.09598,pre
30,C[n+]1c2ccc(F)cc2[nH]c2cc(N(CC(=O)O)Cn3ccnc3)ccc21,0.0,pre
31,COc1ccc(OCC(=O)N2CCN(c3noc(O)n3)CC2C)cc1,0.8999,pre
32,Nc1ccccc1OCC(=O)NCCOc1ccc(Cl)cc1Cl,3.1496,pre
33,CC(OC(=O)Cc1ccccc1)C1CC=CN(C(CC(C)C)C(=O)Nc2ccc(S(N)(=O)=O)cc2)C1=O,3.2238,pre
34,O=C(NCCC(=O)N1CCc2ccccc21)c1cnccn1,1.1858,pre
35,NC(CCC(=O)N(C(=O)Nc1ccc(Cl)cc1)c1ccccc1)C1CC1,4.4226,pre
36,O=C(O)c1cc2c(cc1O)C(=O)C(=Cc1cccc(O)c1)C2=O,2.2586,pre
37,CCOC(=O)C(CO)NC(=O)OC(C)(C)C,0.4351,pre
38,COC(=O)c1nc2cc(Cl)c[nH]c-2n1,1.3495,pre
39,CC(Oc1cc(-c2ccc3c(N)n[nH]c3c2)nc(N)n1)c1ccccc1,3.3243,pre
40,CC(C)(C)CNC(=O)CC1CC2c3ccc(F)cc3Cc3ccccc3N2O1,4.5339,pre
41,CC(c1ccc(F)cc1)N1CCC2(CCC(=O)CC2)OC1=O,3.6109,pre
42,Cc1cc(Cl)ccc1NC(=S)NN=C1C(=O)Nc2ccc(Br)cc21,4.05372,pre
43,CCOCCn1c(=O)c2ccccc2n2c(SCC(=O)N3c4ccccc4C=C3)nnc12,3.4679,pre
44,CC(C)(C)Oc1cc(NC(=NC#N)c2ccccc2)ccc1N,3.78588,pre
45,CC(C)c1c(SCCC(=O)O)[nH]c2cc(Cl)ccc12,4.5115,pre
46,CCOC(=N)CSCc1ccccc1C(=O)OC,2.72017,pre
47,Cc1ccc(S(=O)(=O)Nc2cccc3cccnc23)cc1,3.34402,pre
48,CCC12CC3CC(C1)CC(NCc1ccc(C#N)cc1)(C3)C2,4.39688,pre
49,COc1ccccc1N1CCC(C(=O)Nc2cc3c(cc2O)n(C)c(=O)n3C)CC1,2.4463,pre
50,CCCNC(=O)COc1cc(C)c(C(C)C)cc1-c1ccccc1,4.69042,pre
51,O=C(O)CCC(=Cc1ccc(Cl)cc1)C(=O)N1CCN(c2ccc(Cl)cc2)CC1,4.5904,pre
52,Cn1c2c(ccc1=O)CC(NCC1CCN(c3cccc(C(F)(F)F)c3)CC1)CC2,3.7676,pre
53,O=C(c1ncc(-c2ccccc2)[nH]1)c1n[nH]c2ccccc12,3.184,pre
54,COC(=O)c1ccc(NC(=O)COc2cc(C)ccc2[N+](=O)[O-])cc1,2.70732,pre
55,O=C(OCC1OC(OC2OC(CO)C(O)C(O)C2O)C(O)C(O)C1O)c1ccccc1,0.0,pre
56,COc1cccc(-c2[nH]c3ccccc3c2CCNC(=O)C(C)c2ccccc2)c1,5.3059,pre
57,CCn1cc(S(=O)(=O)N2CCC(O)(c3cccnc3)CC2)c(OC)n1,0.9789,pre
58,COc1ccc(CCON=C2C(NC(=N)N)C(=O)N2CCOCc2ccccc2)cc1,1.47847,pre
59,COC(=O)c1cc(OCC(F)(F)C(F)F)nn1-c1ccccc1,2.9381,pre
60,O=C(Oc1c(C(=O)O)sc(-c2ccc([N+](=O)[O-])cc2)c1-c1ccc(Cl)cc1)c1ccco1,6.1541,pre
61,O=C(Nc1ccc2ccccc2n1)c1cccc(NC(=O)c2cccc(Cl)c2)c1,5.3928,pre
62,Cc1nn(C)c(N(C)C)c1CNCc1ccc(CO)cc1,1.57662,pre
63,Cc1c(N(Cc2cc3ccc(OC(F)(F)F)cc3n2CC(C)(C)C)c2ccc(OC(F)(F)F)cc2)CC(C)(C)CC(=O)O)c(N)c1C(N)=O,0.0,pre
64,CCc1nc2n(n1)CC(CNC(=O)CCN)C(=O)O2,0.0,pre
65,O=C(NCCc1ccccc1)c1nc(Cl)c2ccccc2c1O,3.5663,pre
66,COc1cc(C(=O)Oc2cncc(C=CN(Cc3ccccc3)C(=O)c3ccccc3)c2)cc(OC)c1OC,5.6399,pre
67,Cn1ccnc1C(=O)NC1CCNCC1,0.0,pre
68,COc1ccc(C(C)NC(=O)Cc2ccc(C(=O)c3cccnc3)cc2)cc1OC,3.7497,pre
69,CCc1ccc2nc(O)c(CN(Cc3ccco3)C(=O)C(C#N)=Cc3ccccn3)cc2c1,4.62678,pre
70,Cn1c(=O)c2c(ncn2CCCN)n(C)c1=O,0.0,pre
71,CCOc1cccc(C=C(CC)CC)c1O,3.9943,pre
72,COc1ccc(OS(=O)(=O)c2cncc(Oc3ccc(C)cc3C(F)(F)F)c2)cc1,4.97742,pre
73,COC(=O)c1c(N)n(-c2ccc(OC)cc2)c2nc3ncccc3nc12,2.3461,pre
74,COc1cc(C=CC(=O)c2ccccc2NCCO)ccc1O,2.7011,pre
75,COc1cccc(CN2CC(C(=O)O)C(CN3CCOCC3)=C2C#N)c1,1.32148,pre
76,CC1=CC(=O)C2(C)C1CC1OC(=O)CC3C(C)CC4CC(=O)CCC4(C)C1O3,0.0,pre
77,OCCNc1nc(N2CCOCC2)nc2ccccc12,0.8706,pre
78,O=C(O)COc1ccccc1C#CC1(O)CN2CCC1CC2,0.9582,pre
79,CC(=CCOc1c(Cl)c(S(=O)(=O)O)cc2ccc(C(=N)N)cc12)CC(C)(C)C,4.78527,pre
80,OC1=C(c2ccccc2)C(=O)N(Cc2ccco2)C1c1ccc(Cl)cc1,4.9858,pre
81,Cn1c(=O)c2c(nc(OCCN3C(=O)CSC3c3c(Cl)cccc3Cl)n2Cc2ccc(F)cc2)n(C)c1=O,3.5809,pre
82,CCN1C(=O)c2ccccc2[S+]([O-])c2ccc(C(=O)NCc3ccc(Cl)cc3)cc21,4.4168,pre
83,CN(C)CCCNC(=O)c1cccc(Nc2ncc(-c3cccc(Br)c3)o2)c1,4.5292,pre
84,CC(=O)OCC1=COC(OC2=C(C(C)=NOC(C)=O)COC2=O)C1,0.9463,pre
85,COCCn1c(=O)c(-c2ccccc2)nc2cncnc21,1.4999,pre
86,O=C(Oc1cccc2ccccc12)c1ccccc1,4.059,pre
87,CCOC(=O)Cc1csc(NC(=O)c2ccc(S(=O)(=O)N(C)c3ccccc3)cc2)n1,3.3261,pre
88,O=C(O)C=Cc1cncc([N+](=O)[O-])c1,1.0876,pre
89,CNc1nc(C)c([N+](=O)[O-])c(NCc2ccccc2)n1,2.34702,pre
90,CCN1CCN(c2nc(Cc3ccccc3)nc3ccccc23)CC1,3.3625,pre
91,O=C(O)c1ccc2oc3c(O)cc(Br)c4cccc(c2cBr1)c43,0.0,pre
92,CCn1c(=O)ccc2c(NC(=O)NC3CCC(OC)CC3)cccc21,3.1005,pre
93,O=C(c1ccncc1)N1N=C(c2ccc(Cl)c(Cl)c2)CC1c1c[nH]c2ccccc12,5.8612,pre
94,CCC(C)C(N)C(=O)NC(C(=O)O)c1ccccc1,1.3019,pre
95,O=C(CC12CC3CC(CC(C3)C1)C2)Nc1nncs1,3.0831,pre
96,O=C(c1cc2c(O)cccc2o1)N1CCc2ccccc21,3.3413,pre
97,COc1cccc2c1C(=O)c1c(O)c3c(c(O)c1C2=O)CC(O)(C(C)=O)CC3OC1CC(O)C(O)C(C)O1,1.0625,pre
98,c1ccc(CCCc2nc(-c3ccc4nc[nH]c4c3)co2)cc1,4.3932,pre
99,Fc1ccc(C2CN(Cc3ccccc3)CC2c2cc(-c3ccccc3)nn2-c2ccccc2)cc1,7.0616,pre
100,CC(=O)OCC1=C(C(=O)O)N2C(=O)C(NC(=O)Cc3ccccc3)C2SC1,0.5308,pre
101,O=C(c1ccno1)N1CCc2[nH]cnc2C1c1cccc(OC(F)(F)c2ncncc2-c2ccsc2)c1,4.8324,pre
102,COc1ccc(C(=O)Nc2ccc(-c3nc4ccccc4[nH]3)cc2)cc1C1CCN(CC)CC1,5.6901,pre
103,CCNc1nc(Nc2ccc(N3CCN(C)CC3)c(Br)c2)ncc1C(F)(F)F,4.1851,pre
104,CC12CCC3c4ccc(O)cc4CCC3C1CCC2(O)C(Br)Br,5.0953,pre
105,CC(=O)OCC(=O)C1(OC(=O)c2ccccc2)CCC2C3CCC4=CC(=O)CCC4(C)C3C(O)CC21C,4.2171,pre
106,Nc1ccccc1NC(=O)c1ccc(CNc2nc(Nc3ccc(Cl)cc3)nc(N3CCOCC3)n2)cc1,4.5518,pre
107,O=C(O)C(O)=CC(=O)c1cn(Cc2ccc(F)cc2)c2ccccc2c1=O,2.8981,pre
108,CCOC(=O)N1CCN(C(=S)NC=NN=C(C)c2ccc(N3CCOCC3)cc2)CC1,1.9241,pre
109,O=C(O)c1ccc(CNc2ccc3c(c2)ncn3-c2ccc(F)cc2)cc1,4.4749,pre
110,FC(F)(F)c1cccc(Nc2ccccc2NS(=O)(=O)c2cccc3nsnc23)c1,5.2545,pre
111,CCN(CC)C(=O)C1(c2ccsc2)CC1CN,1.8329,pre
112,Cc1cc(C(=O)C2CCN(C3CCOCC3)CC2)c2cc(N(C)CCO)ccc2n1,3.04542,pre
113,OC(c1ccccc1)(c1cnc2ccccc2n1)C1CC1,3.2757,pre
114,COc1ccc(Cl)cc1NC(=O)c1c(NO)cc(-c2cccs2)oc1=O,4.0837,pre
115,Cc1ccccc1CC1(O)CCN(CCc2ccc(Oc3ccc(C(F)(F)F)cn3)cc2)CC1,5.81322,pre
116,COc1cc(C=CC(=O)CC(O)C(CC(O)C(O)CC(=O)OCc2ccccc2)(Cc2ccccc2)C(=O)C=C(C)C)cc(OC)c1OC,5.0555,pre
117,Cc1c(-c2nnc(C(C)C)s2)nc(-c2ccc(F)cc2)n1-c1ccc(O)cc1,5.33432,pre
118,O=C(O)c1ccccc1S(=O)(=O)Nc1ccc2[nH]cc(C3=CCNCC3)c2c1,3.0436,pre
119,COc1ccc2c3c([nH]c2c1)C(CO)N(C(C)C)CC31CN(C(=O)c2ccc(Cl)cc2)C1,3.9811,pre
120,COc1ncccc1CN1CC(C)N(c2nc3cc(C)ccc3c(=O)[nH]2)CC1,2.34582,pre
121,Cc1nc(NC(CO)C(O)c2ccccc2)nc(O)c1NC(=O)Cc1ccc(C(C)C)cc1,3.30162,pre
122,COc1ncc2cc(-c3ccc4c(c3)OCO4)cnc2c1,3.0341,pre
123,CCOC1OC2OC3(C)CCC4C(C)CCC(C1C)C24OO3,3.2309,pre
124,CC(=NN1CCN(CCC(C)C2CCC3(C=C4(CC(O)CC(C)C4)C(=N)N)=NCCC32)CC1)c1ccc([N+](=O)[O-])cc1,0.0,pre
125,Cc1cccc2c(Nc3ccc(C(=O)O)cc3)c3ccccc3nc12,5.13822,pre
126,CC1CCN(S(=O)(=O)CCNC(=O)c2ccc(F)cc2)CC1,1.6172,pre
127,CSc1ccsc1-c1nc2ccccc2n(CC(=O)Nc2ccc(CC=CCO)cc2)c1=O,4.5766,pre
128,N#Cc1cnn2c(NCc3ccc(Oc4ccccc4)cc3)ccnc12,4.00538,pre
129,COc1ccc(O)c(C(=O)c2cc(C(C)(C)C)c(O)c(C(C)(C)C)c2)c1,4.9324,pre
130,O=C(NCc1ccc(N2CCN(CCO)CC2)cc1)c1ccc(-c2cccc(C(F)(F)F)c2)c(F)c1,4.5558,pre
131,O=c1cc(C[S+]([O-])CCC(=O)NCCc2ccccc2)oc2cccc(O)c12,2.4963,pre
132,COCOc1ccc(CCCN2CCOCC2)cc1,1.9341,pre
133,OCCNc1ncc(Br)cc1Sc1ccc(Cl)cc1[N+](=O)[O-],3.9611,pre
134,CC12CCC(=O)C=C1CCC1C2CCC2(C)C1C1CC1C21CCC(=O)O1,4.45,pre
135,CCSc1c(C(=O)NCc2ccncc2)nnn1-c1ccccc1,2.7043,pre
136,C#CC1(CO)OC(n2cc(F)c(=O)[nH]c2=O)CC1O,0.0,pre
137,CCOC(=O)c1cc(CN2CCOCC2)oc1-c1c(CC)cccc1Cl,4.1713,pre
138,COc1ccc(NC(=O)Cn2nc(C)ccc2=O)cc1OC,1.20762,pre
139,CC(CO)n1c2cnc3ccccc3c2C(C)(C)N)c2ccccc21,0.0,pre
140,CC(NC(=O)c1cccc(C(F)(F)F)c1F)C(c1ccccc1)c1ccccc1,5.7949,pre
141,CC(C(=O)N1CCN(CCOc2ccc([N+](=O)[O-])cc2)CC1)N1C(=O)OC1COCc1ccccc1,2.5014,pre
142,O=C1Nc2ccccc2C(c2ccc3c(ccc4ccccc43)c2)N1CC1CC1,6.3399,pre
143,CN(C)S(=O)(=O)N1CCC(c2cc(Cl)ccc2O)C1,1.6413,pre
144,CC(=O)NC1C2C3CC4C=CC2C1C3C=CC41C(=O)Nc2ccccc21,2.6353,pre
145,CN1CCN(CCOc2ccc(C=Nn3c(-c4ccccc4)nc4cc(Br)ccc4c3=O)cc2)CC1,4.3344,pre
146,CCC(=O)N(c1ccccn1)C1CN(Cc2ccc3c(c2)OCO3)CC1C,3.0738,pre
147,Cc1ccc(C)c(N=C2C(Cl)=C(O)OC2OC(=O)c2ccco2)c1,4.14814,pre
148,Nc1ccc(C(=O)N2CCCN(c3ncc(C(F)(F)F)cc3Cl)CC2)cn1,3.0835,pre
149,CC(C)C(NC(=O)CCc1ccccc1)C(=O)NC(C)C(=O)NC(C)C(=O)NC(CC1CCNC1=O)C(=O)c1nccs1,1.1198,pre
150,ON=C(NC1CC2CCN2CC1)c1ccccc1,1.6487,pre
151,CCNCC(C)Cc1ccc2ccccc2c1,3.6279,pre
152,Cc1ccc(S(=O)(=O)N2C(=O)N(Cc3cccc(C=O)c3)CC2C)cc1,2.82252,pre
153,O=c1c(O)c(-c2ccc(O)c(O)c2)oc2c(CN3CCC(O)(C(F)(F)F)CC3)c(F)ccc12,3.6051,pre
154,O=C(NNC(=S)NCc1ccco1)c1cccnc1,0.9837,pre
155,CC1CN2c3c(nc4c(-c5nc(C#N)nn5C(C)(C)C3=O)nn(C)c(=O)c3s4)CC2N1C,0.0,pre
156,Cc1ccc(N2CC(=O)Nc3ccc(C)cc3C2c2cccs2)cc1,4.91304,pre
157,COc1cccc(-c2c3c(cc4nc(SC)cc(N5CCOCC5)n24)OCO3)c1,0.0,pre
158,Cc1ccc(-c2nc(CN3CCCc4ccccc43)no2)cc1,3.99782,pre
159,CC(C)=CCCOc1ccc2c(c1)Cc1c-2nc(O)c2nccn12,3.7412,pre
160,COC(=O)C1(C(C)C)NC(C(=O)NC(Cc2ccc(F)cc2)C(=O)OC)C2=NCC(C)(C)CN21,1.2634,pre
161,CC1C(=O)C(C)(C)N(O)C1(C)C,1.4536,pre
162,Fc1ccc(C2=NC(c3cccs3)C(c3ccccc3)N2)cc1,4.7196,pre
163,CC(C)C1=NCC2Cc3nc4ccccc4nc3C1=C2O,3.1818,pre
164,N=C(N)c1ccc2[nH]c(-c3cc(C(CC(=O)O)C(=O)O)cc(-c4cc(Cl)cc(Br)c4O)c3O)nc2c1,4.65097,pre
165,COc1ccc(NC(C)COc2ccccc2O)cc1,3.2802,pre
166,COc1ccc(NC(=O)CSc2nnc(CNC(=O)c3ccc(F)cc3)o2)c(Cl)c1,3.5315,pre
167,C=C1CC(c2ccccc2)C(=O)O1,2.2308,pre
168,CCCc1cc(C2=CC(=O)CC(C)(C)C2)ccc1-n1cnc(C)c1,4.90572,pre
169,CCC(=O)NNc1nc(C)c(C(=O)NCc2ccccc2)s1,2.23462,pre
170,N#Cc1ccc(NC(=O)c2cn(Cc3cccc(Cl)c3)c3ccccc23)cc1,5.46698,pre
171,CN(C)Cc1nnnn1Cc1ccccc1,0.783,pre
172,CNC(=O)c1ccc(CS(=O)(=O)c2ccccc2)c2ccoc12,2.7663,pre
173,N#CC(c1ccncc1)N(C(=O)Cc1ccccc1)c1ccc(C(F)(F)F)cc1,4.94098,pre
174,CC(C)CN1C(=O)NC(c2ccc(CO)cc2)C2=C1C(=O)CCC2,2.9083,pre
175,Cc1ccc2c(CSc3nnnn3-c3ccccc3)n[nH]c2c1,3.13932,pre
176,O=S(=O)(NO)c1ccc2c(c1,0.0,pre
177,COC(=O)NCC(=O)NCC(=O)NC(CC(N)=O)C(=O)O,0.0,pre
178,N#Cc1c2ccncc2c(NCCCNCc2ccccc2)c2cc(N)ccc2n1,0.0,pre
179,O=C(Cn1cnc2c(nnn2Cc2cccc(C(F)(F)F)c2)c1=O)NCc1ccccc1Cl,3.0249,pre
180,CC(=O)Nc1ccc(NC(=O)C(=O)O)cc1,0.6681,pre
181,COc1ccc(COc2ccc3c(c2)C2(COC(N)=N2)C2(COC2)COC3=O)cc1,2.0014,pre
182,c1ccc(CN2CCN(c3noc4ccccc34)CC2)cc1,3.15,pre
183,O=C(NN=Cc1coc2ccccc2c1=O)c1ccccc1,2.5569,pre
184,c1ccc(Sc2nc3ccccc3n2Cc2ccc(Cl)cc2Cl)cc1,6.5426,pre
185,Cn1cnc2cc(-c3cc(-c4cccc5[nH]nc(N)c54)cs3)nc(OCCCN)c2c1=O,2.9101,pre
186,COc1ccccc1NC(=O)CSc1snnc1-c1ccc(Br)cc1,4.707,pre
187,CSCCn1c(=O)c2ccccc2c(=O)c2sccc21,2.9394,pre
188,O=C(O)c1ccc(O)c2c1C(=O)N(c1ccccn1)C2=O,1.286,pre
189,COc1ccc2c(c1)Cc1cc(S(=O)(=O)Nc3cc(C)ccc3OC)[nH]c1-2,3.71232,pre
190,FC(F)(F)C1C2CC3CC(C2)CC1(Cc1ccccc1)C3,5.2339,pre
191,CC(C)(C)n1cc(C(=O)O)c(=O)c2cc(CBr)[nH]c21,2.6777,pre
192,Cc1cc(NC(=O)c2ccc3nc(-c4cccnc4)oc3c2)sn1,3.90702,pre
193,Nc1cccc(S(=O)(=O)NCc2ccccc2)c1,1.7473,pre
194,CC(=O)Oc1ccccc1OC(=O)c1ccccc1Cl,3.4845,pre
195,CCCN1CCC(NC(=O)C23CC4CC(CC(C4)C2)C3)CC1,3.1934,pre
196,O=c1cc2n(C3COCCO3)c(Nc3ccccc3)nnc2c2ccccc12,3.1853,pre
197,CC(=O)Nc1ccc(NC(=O)CSCc2ccc(Cl)c(Cl)c2)cc1,4.8237,pre
198,O=C(CSc1nnc(Cc2csc(NCCCN3CCN(c4ccccc4)CC3)n2)c1F)Nc1ccccc1,0.0,pre
199,O=C1c2ccccc2-c2c1c1ccccc1c(=O)n2CCCOc1ccc(F)cc1F,4.9602,pre
200,O=C(c1ccc(F)cc1)N1CCN(C2CCN(C(=O)c3ccc(Cl)cc3)CC2)CC1,3.5417,pre
201,C(=C1CCCN(c2ccccc2)CN1)c1cccs1,3.9365,pre
202,CC1CCN(c2ccc(Nc3nccc(-c4c(-c5cccc(NCc6ccccc6)c5)ncn4C)c3)cn2)CC1,7.1361,pre
203,CN(N=O)C(=O)NCC1OC(n2cc(C3CC3)nn2)C(O)C(O)C1O,0.0,pre
204,CCOC(=O)C1=C(c2ccccc2)NC(=O)NC1c1ccccc1F,3.154,pre
205,CN(C)CC(=O)N1CC(=O)N2C(CO)C(c3cccc(C#N)c3)C2C1,0.0,pre
206,Clc1ccccc1-c1cc(-c2ncc[nH]2)nc(N2CCOCC2)n1,3.0237,pre
207,COc1ccccc1N1CCN(C(=O)c2cn(C)c3ccccc23)CC1,3.1493,pre
208,COCc1ccc(-c2ncoc2-c2ccc3c(c2)OCO3)cc1,3.8837,pre
209,C=Cc1cc(-c2ccccc2)ccc1OC,4.0052,pre
210,Oc1ccc2c(-c3ccc4nccnc4c3)cccc2c1,4.1556,pre
211,COC(=O)C1(C(C)OCc2ccccc2)C(C)CN(C)C1,2.3326,pre
212,COc1c(C)cnc(CN(C)C(=O)c2ccc(C(C)(C)C)cc2)c1Cl,4.62172,pre
213,COc1ccc(-c2cn3ccc(C)cc3n2)cc1Cl,3.97172,pre
214,CCC(C)C1=C(OCC2=CC(CO)CC2)C(CCc2ccccc2)NC(=O)N1Cc1ccccc1,5.8162,pre
215,Nc1nc2c(Br)c(Br)c(Br)c(Br)c2[nH]1,4.1951,pre
216,O=[N+]([O-])c1ccc(NC(S)=Nc2ccc(Oc3ccccc3)cc2)c([N+](=O)[O-])c1,5.3247,pre
217,NS(=O)(=O)c1ccc(C(=O)OCC(=O)Nc2ccc3c(c2)OCO3)cc1,0.8582,pre
218,CC(=O)c1ccc(NC(=O)c2ccncc2)cc1,2.5365,pre
219,NC(=O)c1nc(Cn2cc(COc3cccc(F)c3)nn2)no1,0.5264,pre
220,Cc1cc(-c2ccc(C)c(NC(=O)C3CCN(c4ncccn4)CC3)c2)on1,3.60354,pre
221,N#Cc1ccc(NC(=O)Cc2c(Cl)cccc2Cl)cc1NCC1CCCN1,4.21018,pre
222,Cc1cc2oc(=O)cc(-c3ccccc3)c2oc1=O,2.72162,pre
223,O=[N+]([O-])c1cc(CN2CCCNCCNCCCNCC2)ccc1N1CCNCC1,0.369,pre
224,CCN=NN(CCC#N)N=Nc1ccccc1Cl,3.94148,pre
225,CC(=O)Nc1ccc(N(C(=O)Oc2ccc(C)cc2)C2CCS(=O)(=O)C2)cc1,3.14592,pre
226,NC(=O)C[S+]([O-])Cc1ccccc1,0.4206,pre
227,CN1CC(c2ccccc2)C(=O)C1,1.2847,pre
228,Cc1ccc(-c2cccc(C)n2)c(C)c1,3.67386,pre
229,CCC(=O)C1(C)CCC2C3CC=C4C=C(C(=O)NCCCO)CCC4C3CCC21C,4.5794,pre
230,COc1ccc(-c2cc(=O)c3c(C)cc(O)cc3o2)cc1,3.48262,pre
231,c1cc(CN2CCOC3CN(Cc4cscn4)CC3C2)ccc1C1CC1,3.3533,pre
232,COc1cc(C(=O)N2CCN(c3ccc4nnc(C)n4c3)CC2)ccc1Cl,2.66212,pre
233,CC1(C)C2CCC1(CS(=O)(=O)N1CCC3(CCCc4ccccc43)CC1)C(N1C(=O)CC(NCc3ccccc3Br)C1)C2,6.0344,pre
234,CC(C(=O)NCc1ccc(-n2cncn2)c(Cl)c1)c1ccccc1F,3.4797,pre
235,N#Cc1ccc(NS(=O)(=O)c2nnnn2-c2cccc(Cl)c2)cc1,1.98818,pre
236,O=C(Nc1cccc2ccccc12)c1cccc2nc3ccccc3nc12,5.1885,pre
237,COc1cc(CC(=O)NC2CCN(C(=O)NCc3ccccc3)CC2)ccc1F,2.8672,pre
238,c1ccc(CCN2CCN(Cc3csc(-c4cccc5ccccc45)n3)CC2)cc1,5.3236,pre
239,COc1cc2nc(N3CCN(C(=O)C4COc5ccccc5O4)nc3-n3cccc3C)n(C)c(=O)c2cc1OC,2.36852,pre
240,CC1CCN(C(=O)COC(=O)c2ccc(NS(=O)(=O)c3ccc(C(F)(F)F)cc3)cc2)CC1,3.9215,pre
241,COc1cccc(OC)c1C(=O)Nc1ccc2nc(SCCN3CCOC(C)C3)oc2c1,3.9101,pre
242,Cc1ccc(O)cc1Cc1ncc(C(=O)O)n1C,1.72312,pre
243,Cc1cccc2c1CN(c1nc(Cl)nc(N)n1)CN2,1.80522,pre
244,CCN(CCCNC(=O)c1cc2c(s1)-c1ccccc1CC2)c1ccc(OS(C)(=O)=O)cc1,4.4985,pre
245,O=C(c1ccc(Oc2ncc(Br)cn2)cc1)N1CCc2ccccc2C1,4.2299,pre
246,CCCN(C)C1CCS(=O)(=O)c2cc(C)c(Cl)cc21,3.20872,pre
247,N#Cc1ccc(N2CCN(CCC(c3ccccc3)c3ccccc3)CC2)c(C(=O)O)c1,4.60068,pre
248,CC(C)(C)c1ccc(Cc2cc(C3OC(CO)C(O)C(O)C3O)ccc2Cl)cc1,2.7432,pre
249,Cc1oc(C(=O)O)cc1Br,2.04872,pre
250,O=C(c1ccco1)N1CCCn2c1nc1ccccc12,2.6798,pre
251,COc1ccc(C(=O)COC(=O)CNS(=O)(=O)c2ccccc2Br)cc1OCC,2.5608,pre
252,Cc1ccc(C)c(S(=O)(=O)NC2CCCc3ccccc32)c1,3.65934,pre
253,Cc1ccc(NS(=O)(=O)c2cc(NC(=O)c3ccco3)ccc2Cl)cc1,4.29452,pre
254,CCc1[nH]c2nc(Sc3cnc4nccnc4c3)nc(N3CC(C)CC(C)C3)c2c1Cl,5.1454,pre
255,NC1=NN=C(N)N=C(N)C1c1cccc([N+](=O)[O-])c1,0.0,pre
256,Cc1cccc(-c2cccc(-c3cccc(-c4cccc(F)c4F)c3OC(C)C)c2COCc2ccccc2C)c1C,10.39506,post
257,Cc1ccc(-c2cccc(-c3ccco3)c2COc2ccccc2COCc2cc(F)cc(F)c2C)c(-c2ccccc2COC)c1-c1cc(F)cc(-c2cc(C)cc(C)c2COC)c1C,12.0,post
258,Cc1csc(-c2cccc(-c3cccc(F)c3F)c2-c2cc(F)cc(F)c2COc2cccc(F)c2COC(C)c2ccccc2F)c1-c1ccc(F)cc1COc1cc(F)cc(F)c1F,12.0,post
259,Cc1ccccc1-c1ccc(-c2cccc(-c3ccccc3OC)c2COC(C)c2ccccc2COC(C)c2ccccc2COC)cc1-c1cc(F)cc(-c2cccs2)c1COCc1cc(F)cc(F)c1F,12.0,post
260,Cc1cccc(-c2cccc(-c3cccc(F)c3OC)c2COCCOc2cccc(F)c2COC)c1-c1ccccc1-c1cc(F)cc(-c2cccc(F)c2COC)c1C,12.0,post
261,Clc1cccc(-c2cccc(-c3cccc(-c4cccs4)c3)c2COCc2ccccc2COc2ccccc2)c1-c1ccc(F)cc1COc1ccccc1F,12.0,post
262,Cc1ccccc1-c1cc(-c2ccccc2C)cc(-c2ccccc2COC)c1-c1cccc(F)c1-c1ccc(F)cc1C,11.37146,post
263,COc1ccccc1-c1ccc(-c2csc(C)c2COc2cc(F)cc(F)c2COC)cc1COc1cc(F)cc(F)c1COC(C)c1cccc(F)c1C,11.98524,post
264,COc1cccc(-c2cccc(-c3ccccc3OC)c2COCc2ccccc2CO)c1COCc1cc(F)cc(F)c1-c1cc(F)cc(-c2cccc(F)c2COC)c1C,12.0,post
265,Cc1ccccc1-c1ccc(-c2cccc(-c3cccc(F)c3F)c2)cc1-c1cc(F)cc(-c2cccs2)c1COCc1cc(F)cc(F)c1F,12.0,post
266,Oc1ccccc1-c1cccc(-c2cccs2)c1-c1ccc(-c2cccc(F)c2COc2ccccc2-c2ccccc2COCc2ccccc2F)c(-c2ccccc2COc2ccccc2F)c1-c1ccc(F)c(F)c1COc1cc(F)cc(F)c1F,0.0,post
267,COc1cccc(-c2cccc(-c3ccccc3OC)c2COC(C)C(=O)N(Cc2ccccc2F)c2ccccc2COC)c1-c1ccc(F)c(F)c1COc1ccccc1F,12.0,post
268,COc1cccc(-c2cccc(-c3cccc(F)c3F)c2)c1-c1ccc(-c2cc(C)cc(OC)c2COC)cc1COc1cc(F)cc(-c2ccccc2COC)c1-c1ccc(F)c(F)c1COc1cc(F)c(F)c(F)c1C,0.0,post
269,Cc1ccc(-c2ccccc2COCc2ccccc2COCc2ccccc2CO)cc1COc1ccccc1COc1cc(C)ccc1C,10.36276,post
270,COc1ccccc1-c1cccc(-c2cccc(-c3ccccc3OC)c2COC(C)c2cccc(F)c2O)c1-c1ccc(F)c(F)c1C,11.08092,post
271,Cc1ccc(-c2ccccc2COC(F)F)c(-c2ccccc2COCc2ccccc2F)c1-c1ccc(F)cc1COc1cc(F)cc(F)c1C,11.89584,post
272,Cc1cccc(-c2cccc(-c3cc(F)c(F)c(C(C)C)c3COc3cc(F)c(F)c(F)c3F)c2)c1-c1ccccc1-c1cc(F)cc(-c2cccc(F)c2COC)c1C,12.0,post
273,Oc1cccc(-c2ccccc2-c2cc(-c3ccccc3F)cc(-c3cccc(F)c3F)c2)c1-c1ccc(-c2ccccc2F)c(Cc2ccccc2COc2ccccc2F)c1-c1ccc(F)cc1COc1cc(F)cc(F)c1F,0.0,post
274,Cc1cccc(-c2cccc(-c3cccc(F)c3F)c2-c2cc(F)cc(F)c2COc2ccccc2COCc2cc(C)cc(C(C)C)c2COC(C)C(F)F)c1-c1ccc(F)cc1COc1cc(F)cc(F)c1C,0.0,post
275,Oc1cccc(-c2cccc(-c3cccc(-c4ccccc4F)c3O)c2-c2cc(F)cc(F)c2COc2ccccc2COCc2ccccc2F)c1-c1cccc(F)c1COc1ccccc1F,12.0,post
276,COc1cccc(-c2ccccc2OC)c1-c1ccc(-c2cccc(F)c2COC)cc1COc1cc(F)cc(-c2cccs2)c1C,10.74532,post
277,Cc1cccc(-c2cccc(-c3cccc(-c4ccccc4O)c3COc3ccccc3O)c2C)c1-c1ccc(F)cc1COc1cc(F)cc(F)c1F,12.0,post
278,Cc1cccc(-c2ccccc2-c2ccc(-c3ccccc3F)cc2COc2ccccc2COC(=O)c2ccccc2COCc2ccccc2CO)c1C,11.58864,post
279,Cc1cccc(-c2cccc(-c3cccc(F)c3F)c2COC(C)c2ccccc2COCc2ccccc2C)c1-c1ccc(F)cc1COc1cc(F)cc(F)c1C,12.0,post
280,Oc1ccccc1-c1cccc(-c2cccc(-c3ccccc3F)c2)c1-c1ccc(-c2ccccc2COc2ccccc2CO)cc1COc1ccccc1-c1ccc(F)c(F)c1COc1cccc(F)c1CO,12.0,post
281,Cc1cccc(-c2cccc(-c3cccc(F)c3COc3cccc(F)c3F)c2C)c1-c1ccc(F)c(-c2cccs2)c1C,11.47676,post
282,Cc1cccc(-c2cccc(-c3cccc(F)c3F)c2-c1cccc(C(C)C)c1COCc1ccccc1COc1cc(F)cc(F)c1CO,0.0,post
283,c1ccc(-c2ccccc2-c2cccc(-c3ccccc3OC)c2)cc1-c1cc(F)cc(-c2cccs2)c1COCc1cc(F)cc(F)c1F,12.0,post
284,CCc1cccc(Sc2cccc(-c3cccc(OC)c3OC)c2-c2cc(F)cc(F)c2COC)c1COc1ccccc1COc1cc(F)cc(F)c1C,11.92062,post
285,CCc1cccc(-c2cccc(-c3cccc(C(C)C)c3OC(C)c3ccccc3F)c2C)c1-c1cccc(F)c1COc1cc(F)cc(F)c1C,12.0,post
286,Fc1cccc(-c2cccc(-c3cccc(-c4cccc(-c5ccccc4F)c3)c2)c1-c1ccc(F)c(F)c1COc1ccccc1F,0.0,post
287,Cc1cccc(-c2cccc(-c3cccc(-c4ccccc4F)c3OC(C)C(=O)Nc3ccccc3F)c2)c1C,8.98864,post
288,Cc1cccc(-c2cccc(-c3cccc(C(C)C)c3COCc3cc(F)cc(F)c3F)c2C)c1-c1cccc(C)c1-c1cc(C)cc(C)c1COCc1cc(F)cc(F)c1F,12.0,post
289,Cc1ccc(-c2ccccc2COCc2ccccc2COC)cc1-c1cccc(-c2cccc(F)c2COC)c1COCc1cc(F)cc(F)c1F,11.27882,post
290,Cc1cccc(C(C)C)c1-c1ccc(-c2cccc(F)c2COC)cc1COc1cc(F)cc(-c2cccs2)c1C,10.49294,post
291,Cc1ccsc1-c1ccc(-c2ccccc2COc2cccc(F)c2COCc2cc(F)cc(F)c2COCc2ccccc2CO)c(F)c1-c1cc(F)cc(-c2cccs2)c1C,12.0,post
292,Cc1cccc(-c2cccc(C(C)C)c2-c2ccc(F)cc2COc2ccccc2C)c1-c1cc(F)cc(-c2cccc(F)c2COC)c1C,12.0,post
293,Oc1cccc(-c2ccc(-c3cccc(F)c3F)cc2COc2ccccc2-c2ccccc2COc2ccccc2-c2ccccc2COc2ccccc2COCc2ccccc2CO)c1-c1ccc(F)cc1COc1cc(F)cc(F)c1F,0.0,post
294,Cc1cccc(-c2cccc(-c3cccc(-c4ccccc4OC)c3OC(C)C)c2COC)c1-c1ccc(F)cc1COc1cc(F)cc(F)c1C,11.90994,post
295,Oc1ccccc1-c1cccc(-c2cccc(-c3ccc(F)c(F)c3F)c2)c1-c1cc(F)cc(-c2cccs2)c1-c1ccc(F)cc1COc1cc(F)cc(F)c1F,12.0,post
296,Cc1ccc(-c2cccs2)c(-c2cccc(-c3ccccc3O)c2COCc2ccccc2C)c1COCc1ccccc1C,10.81356,post
297,Fc1cccc(-c2ccccc2-c2cccc(-c3cccc(F)c3OCc3ccccc3F)c2)c1-c1cccc(-c2ccccc2F)c1-c1ccc(F)cc1COc1cc(F)cc(F)c1F,12.0,post
298,Clc1cccc(-c2cccc(-c3ccc(-c4ccccc4F)cc3COc3ccccc3O)c2)c1-c1ccc(F)cc1COc1cc(F)cc(F)c1F,12.0,post
299,Cc1cccc(-c2cc(-c3ccccc3F)cc(-c3ccccc3F)c2C)c1-c1cccc(-c2cccc(C)c2COC)c1COCc1ccccc1C,12.0,post
300,Cc1ccc(-c2cc(-c3ccccc3)cc(-c3ccccc3F)c2COCc2ccccc2CO)cc1COCc1cc(C)cc(C)c1COCc1ccccc1C,12.0,post
301,Oc1cccc(-c2cc(-c3ccccc3)cc(-c3ccccc3O)c2COc2ccccc2COCc2ccccc2-c2ccccc2CO)c1C,10.86232,post
302,Oc1ccccc1-c1cc(-c2ccccc2COc2ccccc2F)cc(-c2cccc(F)c2COCc2ccccc2CO)c1-c1ccc(F)c(F)c1-c1cc(F)cc(F)c1F,12.0,post
303,c1ccc(-c2cc(-c3ccccc3)cc(-c3ccccc3F)c2-c2ccccc2CO)cc1-c1cc(F)cc(-c2cccs2)c1-c1ccc(F)c(F)c1COc1ccccc1F,12.0,post
304,Clc1ccc(-c2cccc(-c3ccccc3OCCOc3ccccc3F)c2)cc1-c1ccc(F)c(COC(F)F)c1-c1ccccc1COc1cccc(F)c1F,12.0,post
305,Cc1ccccc1-c1cccc(-c2cccc(-c3cccc(F)c3F)c2)c1-c1ccc(F)cc1COc1cc(F)cc(F)c1COCc1cc(F)cc(F)c1C,12.0,post
306,Oc1cccc(-c2cccc(-c3ccccc3O)c2O)c1-c1ccc(C(F)F)c(-c2cccs2)c1COc1ccccc1F,10.1886,post
307,Cc1cccc(-c2cccc(-c3cccc(F)c3OC)c2-c2cc(C(F)F)cc(C(C)C)c2COC(C)c2ccccc2COC)c1Cc1ccccc1C,12.0,post
308,Cc1cccc(-c2cccc(-c3ccc(-c4ccccc4F)cc3COc3ccccc3F)c2)c1-c1ccc(F)c(F)c1COc1cc(F)cc(F)c1C,12.0,post
309,O=[N+]([O-])c1ccc(-c2ccccc2-c2cc(F)cc(F)c2COc2ccccc2COc2ccccc2COCc2ccccc2CO)cc1-c1ccc(F)cc1COc1cc(F)cc(F)c1F,12.0,post
310,Clc1cccc(-c2cccc(-c3cccc(-c4cccc(F)c4F)c3)cc2-c2cc(F)c(F)c(F)c2COCc2ccccc2F)c1-c1ccccc1-c1ccc(F)cc1,0.0,post
311,Oc1cccc(-c2cc(-c3ccccc3F)cc(-c3ccccc3COc3cccc(F)c3F)c2)c1-c1cc(F)cc(-c2ccc(F)c(F)c2)c1-c1ccc(F)c(F)c1F,12.0,post
312,Brc1cccc(-c2ccsc2-c2ccc(F)cc2COc2cccc(F)c2F)c1-c1ccc(F)cc1COc1cc(F)cc(F)c1F,11.6433,post
313,Cc1cccc(-c2cccc(-c3cccc(C(C)C)c3COc3ccccc3F)c2)c1-c1ccc(F)cc1COc1cc(F)cc(F)c1C,12.0,post
314,Cc1ccc(-c2cccc(-c3cc(F)c(F)c(C)c3COC(C)C)c2COCc2cc(F)cc(F)c2F)c(C(C)C)c1COCc1cc(F)cc(F)c1F,12.0,post
315,CCc1cccc(-c2cccs2)c1-c1cccc(-c2cc(C)cc(-c3ccccc3OC)c2COCOC)c1COc1cc(F)cc(F)c1C,11.58164,post
316,Cc1cccc(-c2cccc(-c3cc(-c4ccccc4F)cc(C(C)C)c3COc3cccc(F)c3F)c2C)c1-c1ccc(F)cc1COc1cc(F)cc(F)c1C,12.0,post
317,COc1cccc(-c2cccc(-c3cccc(F)c3COC(C)c3ccccc3F)c2C)c1-c1ccc(F)c(F)c1C,10.14724,post
318,Cc1cc(-c2ccccc2COc2ccccc2COc2ccccc2C)ccc1-c1cc(F)cc(-c2cccs2)c1C,10.97146,post
319,Cc1cccc(-c2cccc(-c3cccc(-c4ccccc4F)c3OCc3cccc(F)c3F)c2C)c1-c1ccccc1-c1cc(F)cc(-c2cccs2)c1C,12.0,post
320,Cc1cccc(-c2cccc(-c3cccc(C(C)C)c3OC(C)c3cccs3)c2C)c1C,9.27076,post
321,Nc1cccc(-c2ccccc2COc2ccccc2COc2ccccc2COCc2ccccc2CO)c1Cc1cccc(F)c1COc1cc(F)cc(F)c1F,11.0291,post
322,COc1cccc(-c2cccc(-c3cccc(-c4cccc(F)c4F)c3OC(C)c3ccccc3COC)c2)c1-c1ccc(F)c(F)c1-c1ccc(F)c(F)c1C,12.0,post
323,Oc1ccccc1-c1cc(-c2ccccc2F)cc(-c2ccccc2COc2ccccc2F)c1-c1ccccc1-c1ccc(F)cc1COc1cc(F)cc(F)c1F,12.0,post
324,Cc1cccc(-c2cccc(-c3ccc(-c4ccccc4OC)cc3CC)c2-c2cc(F)cc(F)c2COc2ccccc2COC)c1C,11.54604,post
325,Cc1ccc(-c2cc(-c3ccccc3O)cc(-c3ccccc3F)c2-c2cc(C)cc(C)c2CO)cc1COc1cccc(-c2ccccc2COC)c1C,12.0,post
326,Cc1ccc(-c2cccc(-c3cccc(C(C)C)c3OCc3ccccc3OC)c2COCc2ccccc2CO)cc1COCc1cc(F)cc(F)c1F,11.38322,post
327,COc1cccc(-c2ccc(-c3cccc(F)c3F)c(-c3ccccc3F)c2)c1-c1cc(F)cc(-c2cccs2)c1-c1ccc(F)cc1COc1cc(F)cc(F)c1F,12.0,post
328,Oc1ccccc1-c1cc(-c2ccccc2COCc2ccccc2)cc(-c2ccccc2COc2cccc(F)c2)c1-c1ccc(F)cc1COc1cc(F)cc(F)c1C,12.0,post
329,Cc1cc2c(cccs2)c(CC(C)C)c1-c1ccc(F)cc1COc1cc(F)cc(F)c1CO,0.0,post
330,Cc1ccc(Oc2ccccc2COCc2cc(C)cc(C)c2COCc2ccccc2CO)cc1COc1ccccc1COC(F)F,9.64826,post
331,Oc1ccccc1-c1cc(-c2ccccc2)cc(-c2ccc(F)c(F)c2COCc2ccccc2CO)c1-c1ccc(F)cc1COc1cc(F)cc(F)c1F,11.6829,post
332,Cc1ccc(-c2cccc(-c3cccc(-c4ccccc4F)c3COc3ccccc3OCC)c2C)cc1COc1cc(F)cc(F)c1COCc1cc(F)cc(F)c1F,12.0,post
333,Cc1cccc(-c2ccccc2COC(C)c2ccccc2COc2ccccc2C)c1-c1ccccc1C,9.80266,post
334,Oc1ccccc1-c1ccc(-c2ccccc2COc2cccc(F)c2COCc2ccccc2CO)cc1-c1cc(F)cc(-c2ccccc2F)c1-c1cc(F)cc(-c2cccs2)c1,12.0,post
335,Cc1cccc(-c2cccc(-c3cccc(C(C)C)c3-c3cccc(F)c3COc3ccccc3F)c2)c1-c1ccc(F)cc1COc1cc(F)cc(F)c1C,12.0,post
336,Cc1cccc(-c2ccccc2COC(C)c2ccccc2-n2cccc2CO)c1-c1ccc(F)cc1COc1cc(F)cc(F)c1F,10.02522,post
337,Fc1cccc(-c2cccc(Cc3cccc(-c4cccc(F)c4F)c3)c2)c1-c1ccc(F)cc1COc1cc(F)cc(F)c1F,10.8311,post
338,Cc1ccccc1-c1cc(-c2ccccc2C)cc(-c2cc(C(C)C)cc(C(C)C)c2COC(C)C)c1-c1cc(F)cc(-c2cccs2)c1COCc1cc(F)cc(F)c1C,12.0,post
339,CC(C)Oc1ccccc1COc1cc(-c2ccc(F)c(F)c2C)cc(C(C)C)c1Oc1cc(F)cc(F)c1CO,8.99262,post
340,CCOc1ccccc1-c1cccc(-c2cccc(-c3ccccc3C)c2COCc2ccc(F)c(F)c2COC)c1C,9.84454,post
341,Brc1cccc(-c2cccc(-c3cccc(-c4ccccc4F)c3Oc3ccccc3OCc3cccs3)c2)c1-c1ccc(F)cc1COc1cc(F)cc(F)c1F,12.0,post
342,Cc1cc(Oc2ccccc2OC)ccc1-c1cccc(-c2cccc(C(C)C)c2COC)c1CO,7.89202,post
343,Oc1cccc(-c2cc(-c3ccccc3F)cc(-c3ccccc3OCc3ccccc3F)c2)c1-c1ccc(F)c(F)c1-c1ccc(F)c(F)c1F,12.0,post
344,Cc1ccc(F)cc1-c1ccc(-c2cccc(C(C)C)c2COC(C)c2ccccc2COC)c(-c2ccccc2C)c1C,11.29956,post
345,Oc1ccccc1-c1cc(-c2ccccc2)cc(-c2ccccc2COc2ccccc2COCc2ccccc2)c1-c1ccc(F)cc1COc1cc(F)cc(F)c1F,12.0,post
346,COc1ccccc1-c1ccc(-c2cccc(-c3cccc(C)c3COC)c2COCCF)c1-c1cc(F)cc(-c2cccs2)c1C,0.0,post
347,Clc1cccc(-c2csc(-c3ccccc3)c2COc2ccccc2-c2ccccc2COc2ccccc2COc2ccccc2CO)c1-c1ccccc1-c1ccc(F)cc1COc1cc(F)cc(F)c1F,12.0,post
348,Cc1cccc(-c2cccc(-c3cccc(F)c3F)c2)c1-c1cc(F)cc(-c2ccsc2COc2cc(F)cc(F)c2F)c1C,11.44654,post
349,Cc1cccc(-c2cccc(-c3cccc(-c4cccc(F)c4F)c3COc3ccccc3OCCOc3ccccc3COC)c2C)c1-c1cccc(F)c1COc1cc(F)cc(F)c1F,12.0,post
350,Nc1cccc(-c2cccc(-c3cccc(F)c3F)c2)c1-c1ccc(-c2cccc(F)c2COc2cccc(F)c2COCc2cc(F)cc(F)c2F)c(-c2ccccc2F)c1-c1cccc(-c2cccs2)c1,12.0,post
351,Cc1ccc(-c2cccc(-c3cccc(-c4ccccc4OC)c3OC(C)C(=O)Nc3cccc(F)c3F)c2C)cc1COCc1cc(F)cc(F)c1C,11.30066,post
352,Cc1cccc(-c2cc(-c3ccccc3F)cc(-c3cccc(Oc4ccccc4F)c(C)c3C)c2C)c1-c1ccc(F)cc1COc1cc(F)cc(F)c1F,0.0,post
353,Cc1cccc(-c2ccsc2COCc2ccccc2COc2cc(F)cc(F)c2COC)c1Cc1ccccc1COc1cc(F)cc(F)c1F,11.03102,post
354,COc1ccc(C(C)C)cc1-c1cccc(-c2cccc(-c3cccc(F)c3F)c2)c1-c1ccc(-c2ccccc2F)c(COc2ccccc2C)c1COCc1cc(F)cc(F)c1F,12.0,post
355,Cc1cccc(-c2cccc(-c3cccc(F)c3F)c2)c1-c1ccc(-c2ccccc2F)c(COCc2ccccc2COc2cccc(F)c2COC)c1Cc1ccc(F)cc1COc1cc(F)cc(F)c1C,12.0,post
356,Brc1cccc(-c2cccc(-c3ccccc3OC)c2-c2cc(F)cc(F)c2COc2ccccc2-c2ccccc2COc2ccccc2COc2ccccc2)c1-c1ccc(F)cc1COc1cc(F)cc(F)c1F,12.0,post
357,Cc1ccc(-c2cccc(-c3cc(F)c(F)c(F)c3F)c2)cc1COc1cc(F)cc(F)c1COCc1cc(F)cc(F)c1COc1cc(F)cc(F)c1C,11.90324,post
358,Cc1cccc(-c2cccc(F)c2-c2cc(F)c(F)c(-c3ccccc3F)c2C)c1-c1ccc(F)cc1COc1cc(F)cc(F)c1C,11.83256,post
359,Cc1cccc(-c2cccc(-c3cccc(F)c3C)c2COCc2ccccc2CO)c1Cc1ccc(F)c(F)c1C,9.16306,post
360,Cc1cc(-c2cccs2)nc(-c2cccc(F)c2COCc2ccccc2CO)c1-c1ccc(F)c(C)c1COc1cc(F)cc(F)c1C,10.41386,post
361,Cc1cccc(-c2cccc(-c3cccc(-c4ccccc4F)c3OC(C)C)c2COCc2ccccc2C)c1-c1ccc(F)cc1COc1cc(F)cc(F)c1C,12.0,post
362,Cc1ccc(-c2ccccc2-c2ccc(-c3ccccc3F)c(-c3ccccc3F)c2)cc1COc1cc(F)cc(F)c1COC(C)c1ccccc1C,12.0,post
363,COc1cccc(-c2cccc(-c3ccccc3OC)c2COc2cccc(F)c2F)c1-c1ccc(F)cc1COc1cc(F)cc(F)c1F,10.6974,post
364,Cc1cccc(-c2sccc2COc2cccc(F)c2COCc2ccccc2CO)c1-c1cccc(F)c1COc1cc(F)cc(F)c1C,10.62244,post
365,COc1cccc(-c2cccc(-c3cccc(C(C)C)c3OC)c2COC(C)C(F)F)c1-c1ccc(F)cc1COc1cc(F)cc(F)c1F,11.1338,post
366,Cc1cccc(-c2cccc(-c3cccc(F)c3F)c2COCCOc2ccccc2COCc2ccccc2COCc2cc(F)cc(F)c2COC)c1-c1ccc(F)cc1COc1cc(F)cc(F)c1F,12.0,post
367,Cc1ccsc1C(C)c1cccc(-c2cccc(F)c2COCc2ccccc2C)c1-c1ccc(F)cc1COc1cc(F)cc(F)c1C,12.0,post
368,COc1ccc(-c2cccc(-c3cccc(OC)c3OC)c2COCc2ccccc2COC)cc1COc1cc(F)cc(-c2cccc(F)c2)c1COCc1cc(F)cc(F)c1F,12.0,post
369,Cc1cccc(-c2cccc(-c3ccc(F)cc3OC)c2COCCOc2ccccc2COCc2cc(F)cc(F)c2COC(C)c2ccccc2COCc2cc(C)cc(C)c2COC)c1COCc1ccccc1C,12.0,post
370,COc1cccc(-c2ccccc2-c2cc(-c3ccccc3F)cc(-c3ccccc3OC)c2-c2ccc(F)cc2COC(C)c2ccccc2COC)c1C,12.0,post
371,Cc1cccc(-c2ccccc2-c2cccc(F)c2COc2cc(F)cc(F)c2COC)c1C,7.78014,post
372,Cc1cccc(-c2ccccc2COC(C)c2ccccc2COc2ccccc2C)c1COc1ccccc1COc1cc(F)cc(F)c1C,11.57186,post
373,Cc1cccc(-c2cccc(-c3cc(F)c(F)c(F)c3OC)c2COCc2ccccc2C)c1-c1ccc(F)c(F)c1-OC,9.73394,post
374,c1ccc(-c2cccc(-c3cccc(-c4ccccc4F)c3)cc2COCc2ccccc2CO)cc1-c1cc(F)cc(-c2cccs2)c1-c1ccc(F)cc1COc1cc(F)cc(F)c1F,0.0,post
375,Cc1cc(C(CC(C)C)COc2ccccc2COCc2ccccc2COCc2ccccc2C)ccc1COc1ccccc1-c1cc(F)cc(-c2cccs2)c1C,12.0,post
376,Oc1ccccc1-c1cccc(-c2cccc(C(Cc3ccccc3F)c3cc(F)c(F)c(F)c3F)c2)c1-c1cc(F)cc(-c2cccs2)c1-c1ccc(F)c(F)c1F,12.0,post
377,Cc1ccc(-c2cccc(-c3cccc(-c4ccccc4F)c3OC(C)C(=O)Nc3ccccc3F)c2)cc1COc1cc(F)cc(F)c1C,10.84584,post
378,Oc1cccc(-c2cccc(-c3cccs3)c2)c1-c1cccs1-c1cc(F)cc(-c2cccc(F)c2)c1-c1ccc(F)cc1COc1cc(F)cc(F)c1F,0.0,post
379,O=[N+]([O-])c1ccc(-c2cccc(-c3ccccc3O)c2COc2ccccc2COCc2ccccc2CO)cc1COc1cccc(-c2cccc(F)c2F)c1-c1ccc(F)c(F)c1COc1ccccc1F,12.0,post
380,Oc1ccccc1-c1cccc(-c2cccc(-c3cccc(-c4cccc(F)c4F)c3)cc2COCc2ccccc2COc2ccccc2CO)c1-c1ccc(F)cc1COc1cc(F)cc(F)c1F,0.0,post
381,Cc1ccc(-c2cccs2)cc1-c1ccc(-c2cccc(F)c2COc2cc(F)cc(F)c2F)cc1COCc1cc(F)cc(F)c1C,11.49634,post
382,Cc1cccc(-c2cccs2)c1-c1ccc(-c2ccccc2O)cc1-c1cc(F)cc(-c2cccc(F)c2COC)c1COCc1ccccc1-c1cc(F)cc(-c2cccc(F)c2CO)c1C,12.0,post
383,c1ccc(-c2cccc(-c3cccc(-c4ccccc4OCc4ccccc4)c3)c2)cc1-c1ccc(F)cc1-c1cc(F)cc(-c2cccs2)c1-c1ccc(F)cc1,12.0,post
384,Cc1ccc(-c2cccc(-c3ccccc3COc3cccc(F)c3F)c2)cc1-c1cc(F)cc(-c2cccs2)c1COCc1cc(F)cc(F)c1COCc1cc(F)cc(F)c1F,12.0,post
385,Cc1cccc(-c2cccc(-c3cccc(F)c3F)c2)c1-c1ccc(F)cc1COc1cc(F)cc(F)c1COCc1ccccc1-c1cc(F)cc(-c2cccs2)c1C,12.0,post
386,c1ccc(-c2ccccc2-c2ccc(-c3ccccc3F)cc2COc2ccccc2-c2ccc(F)cc2COc2ccccc2COCc2ccccc2CO)cc1COCc1ccccc1COc1cc(F)cc(F)c1F,12.0,post
387,Cc1ccsc1-c1ccc(-c2cccc(OCc3ccccc3F)c2)c(-c2ccccc2C)c1-c1cccc(F)c1COCc1cc(F)cc(F)c1C,12.0,post
388,Clc1cccc(-c2cc(-c3ccccc3F)cc(-c3ccccc3O)c2-c2cc(F)cc(F)c2COc2ccccc2COc2ccccc2COCc2ccccc2F)c1-c1cccc(F)c1COc1ccccc1F,12.0,post
389,COc1cc(Br)ccc1-c1cc(-c2ccccc2COc2ccccc2OC)cc(-c2cc(COC)cc(-c3ccccc3OC)c2COC)c1-c1ccc(F)cc1COc1cc(F)cc(F)c1C,12.0,post
390,c1ccc(-c2cccc(-c3cccc(COc4ccccc4OC(F)F)c(F)c3)c2)cc1COc1ccccc1-c1cc(F)cc(-c2ccc(F)c(F)c2)c1,0.0,post
391,COc1cccc(-c2cccc(-c3cccc(-c4ccccc4OC)c3OC(C)C(=O)N(Cc3ccccc3F)C(C(=O)OC)C(C)C(=O)O2)c1-c1ccc(F)cc1COc1cc(F)cc(F)c1F,0.0,post
392,Cc1ccc(-c2cccc(-c3cc(C)ccc3OC)c2COC(C)C(F)F)cc1COc1cc(F)cc(F)c1C,8.98186,post
393,Cc1ccc(-c2cccc(-c3cccc(F)c3F)c2C)cc1-c1ccc(-c2cccc(F)c2COC)c(-c2ccccc2COC)c1C,11.65696,post
394,Cc1cccc(-c2cccc(-c3cc(-c4ccccc4O)cc(-c4cccc(F)c4F)c3O)c2-c2cc(F)cc(F)c2C)c1C,10.91446,post
395,Cc1ccccc1-c1ccc(-c2cccc(-c3cccc(F)c3F)c2)cc1COc1ccc(F)c(F)c1COCc1cc(F)cc(F)c1C,11.43484,post
396,Oc1ccccc1-c1ccccc1-c1cc(-c2ccccc2F)cc(-c2cccc(F)c2COCc2ccccc2CO)c1-c1ccc(F)cc1COc1ccccc1COc1cc(F)cc(F)c1-c1cc(F)cc(F)c1F,12.0,post
397,Cc1cccc(-c2ccccc2O)c1-c1ccc(-c2ccccc2COc2ccccc2C)c(-c2ccccc2C)c1-c1ccc(F)cc1COc1cc(F)cc(F)c1C,12.0,post
398,Cc1cccc(-c2cc(-c3ccccc3F)cc(-c3ccccc3OC)c2-c2ccc(F)cc2COc2ccccc2COC)c1-c1ccc(F)cc1COc1cc(F)cc(F)c1C,12.0,post
399,Oc1ccc(-c2ccccc2COc2cccc(Br)c2CO)cc1-c1ccc(F)c(F)c1COc1cc(F)cc(F)c1F,8.8345,post
400,Cc1cccc(Oc2ccccc2COCc2cccc(-c3cccc(F)c3F)c2)c1CCc1ccccc1-c1cc(F)cc(F)c1C,11.48814,post
401,Cc1ccccc1-c1cccc(-c2cccc(-c3cccc(-c4ccccc4F)c3COC(C)C(F)F)c2)c1-c1cc(F)cc(-c2cccs2)c1C,12.0,post
402,Cc1cccc(-c2cccc(-c3cccc(F)c3F)c2)c1-c1ccc(F)cc1COc1cc(F)cc(F)c1C,9.57894,post
403,Cc1cccc(-c2cccc(-c3cccc(-c4ccccc4F)c3OC(C)C(=O)Nc3ccccc3F)c2)c1-c1ccc(F)cc1COc1cc(F)cc(F)c1C,12.0,post
404,Cc1cccc(-c2cccc(-c3cccc(Sc4ccccc4F)c3C)c2C)c1-c1ccc(F)c(C(C)C)c1COCc1cc(F)cc(F)c1F,12.0,post
405,c1ccc(-c2cccc(-c3cccc(F)c3COc3ccccc3F)c2)cc1-c1ccc(F)cc1COc1cc(F)cc(F)c1COc1cc(F)cc(F)c1F,12.0,post
406,Oc1ccccc1-c1ccc(-c2cc(F)c(-c3ccccc3OCc3ccccc3F)c(-c3ccccc3F)c2)c(-c2ccccc2F)c1-c1cccc(F)c1-c1ccc(F)cc1,12.0,post
407,CCc1cccc(-c2cc(-c3ccccc3F)cc(-c3cccs3)c2COc2cccc(F)c2COCc2ccccc2CO)c1-c1ccc(C)cc1COc1cc(F)cc(F)c1C,12.0,post
408,c1ccc(-c2cccc(-c3cccc(-c4ccccc4F)c3Oc3ccccc3OCCOCc3ccccc3F)c2)cc1-c1cc(F)cc(-c2cccc(F)c2)c1COCc1ccccc1,12.0,post
409,COc1cccc(-c2cccc(-c3cccc(-c4ccc(F)c(F)c4F)c3)c2COCOc2ccccc2C)c1-c1ccc(F)c(F)c1COc1cc(F)cc(F)c1C,12.0,post
410,Fc1ccc(-c2ccc(-c3cccc(F)c3F)c(-c3ccc(F)c(F)c3F)c2)cc1-c1cc(F)cc(-c2ccc(F)c(F)c2F)c1-c1ccc(F)cc1COc1cc(F)cc(F)c1F,12.0,post
411,Cc1cccc(-c2ccccc2COC(C)c2cc(-c3ccccc3F)cc(-c3cccs3)c2)c1-c1ccc(F)cc1COc1cc(F)cc(F)c1C,12.0,post
412,Cc1cccc(-c2cccc(-c3cccc(F)c3F)c2COCc2ccc(F)c(F)c2C)c1-c1ccc(F)cc1COc1ccccc1C,11.60416,post
413,Cc1ccc(-c2cccc(-c3cc(F)c(F)c(F)c3F)c2C)c2ccc(F)cc2COc1ccccc1COc1cc(F)cc(F)c1C,0.0,post
414,Cc1cccc(-c2ccccc2COc2ccccc2COc2cccc(-c3cccc(F)c3F)c2)c1-c1ccc(F)cc1COc1cc(F)cc(F)c1C,12.0,post
415,O=[N+]([O-])c1ccccc1-c1csc(-c2cccc(-c3cccc(F)c3OCc3ccccc3)c2)c1-c1ccc(F)cc1COc1cc(F)cc(F)c1F,12.0,post
416,Cc1ccccc1-c1cccs1-c1cc(C(C)C)cc(-c2cccc(C(C)C)c2O)c1-c1cc(F)cc(-c2cccc(F)c2COC)c1C,0.0,post
417,Cc1cccc(-c2cccc(-c3ccccc3F)c2-c2ccc(F)c(C(C)C)c2COc2ccccc2COCc2ccccc2CO)c1C,11.49414,post
418,Cc1cccc(-c2cccc(-c3cc(F)c(Oc4ccccc4F)c(-c4cccs4)c3O)c2C)c1-c1ccccc1C,11.11746,post
419,Cc1cccc(-c2cccc(-c3ccccc3OCc3ccccc3F)c2C)c1-c1ccc(F)cc1COc1cc(F)cc(F)c1F,11.15794,post
420,Cc1cccc(Oc2ccccc2COCc2ccccc2COCc2ccccc2CO)c1Cc1cc(F)cc(F)c1COc1cc(F)cc(F)c1C,10.74784,post
421,Cc1ccc(-c2ccccc2COc2cccc(-c3cccc(F)c3F)c2)cc1-c1cc(F)cc(-c2cccs2)c1-c1cc(F)cc(-c2cccc(F)c2COC)c1C,12.0,post
422,Oc1cccc(-c2cccc(-c3cccc(F)c3F)c2-c2cc(F)cc(F)c2COc2cccc(F)c2COCc2ccccc2CO)c1Cl,10.5302,post
423,Cc1ccccc1-c1cccc(-c2cccc(-c3cccc(-c4cccc(F)c4F)c3C(C)c3ccccc3COC)c2C)c1-c1ccc(F)cc1COc1cc(F)cc(F)c1C,12.0,post
424,Cc1ccc(-c2ccccc2COCc2ccccc2COCc2ccccc2CO)cc1COCc1cc(F)cc(F)c1-c1cc(F)cc(-c2cccs2)c1C,12.0,post
425,Cc1ccccc1-c1ccc(-c2ccccc2COc2cccc(F)c2COCc2ccccc2CO)cc1COc1cc(F)cc(F)c1C,10.42184,post
426,Cc1cccc(-c2ccccc2COCc2ccccc2COCc2ccccc2COCc2ccccc2COCc2ccccc2COCc2ccccc2COC)c1-c1ccc(F)cc1COc1cc(F)cc(F)c1C,12.0,post
427,Oc1cccc(-c2cc(-c3cccc(F)c3OC(c3ccccc3F)c3ccccc3F)c(-c3ccccc3O)c2-c2cc(F)cc(F)c2COc2ccccc2COCc2ccccc2COCc2ccccc2F)c1-c1ccc(F)cc1COc1cc(F)cc(F,0.0,post
428,Oc1ccccc1-c1cc(-c2ccccc2COc2cccc(F)c2F)cc(-c2cccc(F)c2F)c1-c1ccc(F)cc1COc1cccc(F)c1CO,11.5451,post
429,Oc1ccccc1-c1cc(-c2ccccc2COc2ccccc2F)cc(-c2cc(F)c(F)c(F)c2COc2ccccc2CO)c1-c1ccc(F)c(F)c1-c1ccc(F)c(F)c1,12.0,post
430,c1cccc(-c2cc(-c3ccccc3F)cc(-c3ccc(F)cc3O)c2-c2cc(F)cc(F)c2COc2ccccc2-c2ccccc2COCc2ccccc2CO)c1-c1ccc(F)cc1COc1cc(F)cc(F)c1F,0.0,post
431,Cc1cccc(-c2ccccc2-c2cc(C)ccc2COCc2ccccc2COCc2ccccc2COC(C)c2ccccc2COC)c1C,11.80366,post
432,Brc1cccc(-c2cccc(-c3ccccc3F)c2COCC(c2ccccc2O)c2ccccc2F)c1-c1ccc(F)c(F)c1-c1cc(F)cc(-c2ccccc2)c1COc1ccccc1F,12.0,post
433,Cc1ccsc1-c1cc(-c2ccccc2C)cc(-c2ccc(F)c(F)c2COCc2ccccc2COC)c1-c1ccc(F)cc1COc1cc(F)cc(F)c1F,12.0,post
434,Cc1cccc(-c2cccc(C(C)C)c2-c2ccc(-c3cccc(F)c3COC)cc2COCc2ccccc2C)c1COc1cccc(F)c1C,12.0,post
435,Cc1cccc(-c2ccc(-c3ccccc3COCc3ccccc3OC)cc2COc2cc(F)cc(F)c2COC)c1C,9.36644,post
436,CCc1cccc(-c2ccccc2COc2ccc(-c3cccc(F)c3F)c(-c3ccccc3OC)c2C)c1-c1ccc(F)cc1COc1cc(F)cc(F)c1C,12.0,post
437,c1ccc2c(c1)[nH]c(-c3cccc(F)c3F)c1-c1ccc(F)cc1-c1cccc(-c4ccc(F)cc4F)c1-c1ccc(F)c(F)c1-2,0.0,post
438,Oc1ccccc1-c1cc(-c2ccccc2)cc(-c2ccccc2COCc2ccccc2)c1-c1ccccc1COc1ccccc1F,11.4951,post
439,Oc1ccccc1-c1cccc(-c2cc(-c3ccccc3)cc(-c3cccs3)c2COc2ccccc2COCc2ccccc2F)c1-c1ccc(F)c(F)c1-c1ccc(F)c(F)c1CO,12.0,post
440,Oc1ccccc1-c1ccc(-c2cccc(-c3ccccc3OCc3ccccc3F)c2)cc1-c1ccc(F)cc1COc1cc(F)cc(F)c1F,11.9137,post
441,CCOc1cccc(-c2ccc(-c3ccccc3OC)cc2COc2ccccc2COCc2cc(C)cc(-c3ccc(F)cc3F)c2)c1-c1ccc(F)cc1COc1cc(F)cc(F)c1C,12.0,post
442,Fc1cccc(-c2cccc(-c3cccc(-c4ccccc4F)c3)c2)c1-c1ccc(F)cc1COc1cc(F)cc(F)c1F,10.7682,post
443,Cc1cccc(-c2cccc(-c3cccc(F)c3F)c2COCc2cccc(F)c2COCc2cc(F)cc(F)c2COC)c1C,9.91294,post
444,Cc1ccccc1-c1ccc(-c2cc(-c3ccccc3F)cc(-c3ccccc3OCC)c2COCc2ccccc2CO)cc1COc1cccc(F)c1COCc1cc(C)cc(C)c1CO,12.0,post
445,COc1ccccc1-c1ccc(-c2ccccc2COC)cc1-c1ccc(F)c(F)c1-c1ccc(F)c(C)c1-c1cc(F)cc(-c2cccs2)c1COCc1cc(F)cc(F)c1F,12.0,post
446,Oc1ccccc1-c1cccc(-c2cc(-c3ccccc3O)cc(-c3ccccc3O)c2COc2ccccc2-n2cccc2)c1-c1ccc(F)cc1COc1cc(F)cc(F)c1F,12.0,post
447,Oc1ccccc1-c1ccc(-c2cccc(-c3ccccc3F)c2)c(-c2cccs2)c1-c1ccc(F)cc1-c1cc(F)cc(-c2cccc(F)c2F)c1-c1cc(F)cc(-c2cccs2)c1COCc1ccccc1,0.0,post
448,Cc1ccc(-c2cccc(-c3ccc(F)c(F)c3F)c2)cc1-c1cc(F)cc(-c2ccc(F)c(F)c2COc2ccccc2COCc2cc(F)c(F)c(F)c2COC(C)C(F)F)c1-c1ccc(F)cc1COc1cc(F)cc(F)c1C,0.0,post
449,Oc1cccc(-c2cccc(-c3cccc(-c4cccs4)c3O)c2)c1-c1cccc(-c2ccc(F)cc2F)c1-c1ccc(F)cc1COc1cc(F)cc(F)c1F,12.0,post
450,Clc1ccc(-c2cc(-c3ccccc3F)cc(-c3ccccc3OCc3ccccc3)c2-c2ccccc2COc2ccccc2COc2ccccc2CO)cc1COc1cccc(F)c1F,12.0,post
451,Cc1cccc(-c2cccc(-c3ccccc3OC)c2COC(C)c2ccc(F)c(F)c2CO)c1C,7.69434,post
452,Cc1cc(-c2ccccc2)cc(C(C)C)c1-c1ccc(-c2cccc(F)c2COC)cc1COc1cc(F)cc(F)c1C,10.57054,post
453,Cc1cccc(-c2cccc(-c3cccc(-c4ccccc4F)c3OC(C)C)c2)c1-c1ccc(F)cc1COc1cc(F)cc(F)c1C,11.89404,post
454,Cc1ccc(-c2cccc(-c3cccc(F)c3F)c2)cc1-c1ccc(F)c(-c2cccs2)c1-c1ccc(F)c(F)c1COc1cc(F)cc(F)c1C,12.0,post
455,Cc1cccc(-c2cccc(-c3cccc(-c4ccccc4OC)c3OC(C)C(=O)N(Cc3ccccc3F)Cc3ccccc3F)c2)c1-c1ccc(F)cc1COc1cc(F)cc(F)c1F,12.0,post
456,c1cccc(-c2cccc(-c3ccccc3OCc3ccccc3F)c2)c1-c1ccc(F)cc1COc1cc(F)cc(F)c1COCc1cccc(F)c1F,12.0,post
457,Cc1cccc(-c2cccc(-c3ccccc3OC)c2COc2cccc(C)c2COCc2cc(F)cc(F)c2COC(C)C)c1-c1cccc(F)c1COc1cc(F)cc(F)c1C,12.0,post
458,CCc1cccc(-c2cc(-c3ccccc3F)cc(-c3cccc(Oc4ccccc4)c(C)c3C)c2C)c1-c1ccc(F)c(F)c1COc1cc(F)cc(F)c1C,0.0,post
459,Cc1ccc(COc2cc(-c3ccccc3F)cc(-c3ccccc3COCc3ccccc3COc3cc(F)cc(F)c3F)c2C)cc1COCc1ccccc1C,12.0,post
460,Cc1ccc(-c2cccc(-c3cccc(F)c3-c3ccccc3OC)c2C)cc1COc1cc(F)cc(F)c1COCc1cc(F)cc(F)c1F,11.44344,post
461,Cc1cccc(-c2cccc(-c3cccc(C(C)C)c3OCc3cc(F)cc(F)c3F)c2)c1-c1ccc(F)cc1COc1cc(F)cc(F)c1C,12.0,post
462,Cc1cccc(-c2cccc(-c3cccc(-c4cccs4)c3OC)c2)c1-c1cc(F)cc(-c2ccc(F)c(F)c2)c1COCc1cc(F)cc(F)c1C,12.0,post
463,Cc1cccc(-c2cccc(-c3ccc(-c4ccccc4C)cc3COc3ccccc3F)c2)c1-c1ccc(F)cc1COc1cc(F)cc(F)c1F,12.0,post
464,Oc1ccccc1-c1cc(-c2ccccc2)cc(-c2cc(-c3ccccc3)cc(-c3ccccc3OCc3ccccc3)c2)c1-c1ccc(F)cc1-c1cc(F)cc(-c2cccc(F)c2COC)c1-c1ccc(F)cc1,0.0,post
465,Oc1cccc(-c2cc(-c3ccccc3O)cc(-c3ccccc3OCc3ccccc3F)c2-c2cc(F)cc(F)c2COc2ccccc2COCc2ccccc2-c2cccs2)c1-c1ccc(F)c(F)c1F,12.0,post
466,Cc1cccc(-c2cccc(-c3ccccc3OC)c2COc2cccc(-c3ccccc3F)c2)c1-c1ccc(F)c(F)c1-c1cc(F)cc(-c2cccs2)c1C,12.0,post
467,Cc1cccc(-c2ccccc2COC(c2ccccc2COc2ccccc2F)c2ccc(F)cc2COCc2ccccc2COC)c1C,10.99704,post
468,Fc1cccc(-c2cccc(-c3cccc(-c4cccs4)c3)c2-c2ccccc2COc2ccccc2-c2ccccc2COCc2ccccc2COc2ccccc2)c1-c1cccc(F)c1COc1ccccc1F,12.0,post
469,Cc1ccsc1-c1ccc(-c2cccc(C(C)C)c2COCc2ccccc2COC)cc1COc1cccc(F)c1COCc1cc(F)cc(F)c1C,12.0,post
470,Cc1ccsc1-c1ccc(-c2cc(F)c(F)c(F)c2COCc2ccccc2F)c(-c2ccccc2COCCOC)c1C,9.80214,post
471,Cc1cccc(-c2cccc(-c3cccc(C(C)C)c3COc3ccccc3OC)c2)c1-c1ccc(F)cc1COc1cc(F)cc(F)c1C,12.0,post
472,COc1cccc(-c2cccc(-c3cccc(-c4ccccc4OC)c3COc3ccccc3F)c2C)c1-c1ccc(F)c(F)c1C,10.98494,post
473,COc1cccc(-c2cc(-c3ccccc3F)cc(-c3ccccc3F)c2COc2cccc(F)c2COC)c1-c1ccc(F)cc1COc1cc(F)cc(F)c1CO,11.9945,post
474,Cc1cccc(-c2cccc(-c3cccc(-c4ccccc4F)c3OC(C)C(=O)Nc3ccccc3F)c2)c1C,8.98864,post
475,CC(C)c1ccccc1-c1cccc(-c2cccc(-c3cccs3)c2)c1-c1ccc(-c2cccc(F)c2COCc2ccccc2CO)cc1COCc1cc(F)cc(F)c1CO,12.0,post
476,Cc1ccc(-c2cccc(-c3cccc(-c4ccc(F)c(F)c4F)c3COc3ccccc3OC(C)C)c2C)cc1COc1ccccc1COCc1cc(F)cc(F)c1COC(F)F,12.0,post
477,Oc1ccccc1COc1ccccc1-c1cc(-c2ccccc2)cc(-c2cccc(-c3ccccc3OCc3ccccc3F)c2)c1-c1ccc(F)cc1COc1cc(F)cc(F)c1F,12.0,post
478,Cc1cccc(-c2ccccc2-c2cc(-c3ccccc3F)cc(-c3ccc(F)c(F)c3F)c2)c1-c1cc(C)cc(-c2cccs2)c1COCc1cc(F)cc(F)c1C,12.0,post
479,Cc1cccc(-c2cccc(-c3ccc(-c4ccccc4O)c(C(C)C(F)F)c3C)c2)c1-c1ccc(F)c(F)c1COc1cc(F)cc(F)c1C,12.0,post
480,Cc1ccc(-c2cccc(-c3cccc(C(C)C)c3COCc3cc(F)cc(F)c3F)c2)cc1COc1cc(F)cc(F)c1C,10.75214,post
481,Cc1cccc(-c2ccccc2COCc2ccccc2COCc2ccccc2CO)c1-c1ccc(F)cc1-c1cc(F)cc(C)c1-c1cc(F)cc(-c2cccs2)c1COCc1cc(F)cc(F)c1F,12.0,post
482,Cc1cccc(-c2cccc(-c3cccc(F)c3F)c2-c2cc(F)cc(F)c2COc2cccc(F)c2COCc2ccccc2CO)c1C,10.78804,post
483,Cc1cccc(-c2cccc(-c3cccc(F)c3F)c2COCc2cccc(F)c2COC)c1-c1ccc(F)cc1COc1ccccc1F,11.13372,post
484,COc1ccccc1-c1cccc(-c2cc(-c3ccccc3O)cc(-c3cc(C)cc(-c4ccccc4OC)c3OC)c2C)c1-c1ccc(F)c(F)c1C,12.0,post
485,Cc1cccc(-c2ccccc2OS(=O)(=O)c2ccccc2COc2ccccc2F)c1-c1ccc(F)cc1COc1cc(F)cc(F)c1C,10.11954,post
486,Oc1ccccc1-c1cccc(-c2cc(-c3ccccc3OCc3ccccc3F)cc(-c3cccs3)c2-c2ccc(F)cc2COCOCc2ccccc2CO)c1-c1ccc(F)cc1COc1cc(F)cc(F)c1F,12.0,post
487,Cc1cccc(-c2cccc(-c3cccc(-c4ccccc4F)c3COc3ccccc3F)c2C)c1C,9.47006,post
488,Cc1cccc(-c2ccccc2COc2cc(F)cc(F)c2COCc2ccccc2CO)c1C,7.03674,post
489,Cc1cccc(-c2ccccc2COCc2ccccc2COCc2ccccc2CO)c1Cc1ccccc1COc1cc(F)cc(F)c1C,10.34434,post
490,COc1ccc(-c2cc(-c3ccccc3F)cc(-c3ccccc3F)c2C)c(-c2ccccc2O)c1-c1ccc(F)cc1COc1cc(F)cc(F)c1C,12.0,post
491,Cc1cccc(-c2cccc(-c3cccc(-c4cccc(F)c4F)c3OC(C)C(=O)N(Cc3ccccc3F)C(CC=Cc3ccccc3F)C(C)C)c2C)c1C,12.0,post
492,Oc1ccccc1-c1cccc(-c2ccccc2COc2ccccc2COc2cccc(F)c2COCc2ccccc2CO)c1-c1cccc(F)c1COc1cc(F)cc(F)c1F,12.0,post
493,COc1ccccc1-c1cccc(-c2cccc(-c3cccc(F)c3F)c2)c1-c1ccc(F)c(COC)c1COCc1cc(F)cc(F)c1CO,10.4142,post
494,Cc1cccc(-c2cccc(-c3cccc(-c4ccccc4F)c3COC(C)C(F)F)c2)c1-c1ccc(F)c(F)c1OC,10.25912,post
495,Clc1ccccc1-c1cc(-c2ccccc2)cc(-c2cccs2)c1-c1ccc(F)cc1-c1ccc(F)cc1-c1ccc(F)cc1COc1cc(F)cc(F)c1F,12.0,post
496,Fc1cccc(-c2cccc(-c3cccc(-c4cccc(F)c4F)c3)c2)c1-c1ccc(F)c(-c2cccs2)c1COCc1ccccc1COc1cc(F)cc(F)c1F,12.0,post
497,c1ccc(-c2cc(-c3ccccc3F)cc(-c3ccccc3COc3cccc(F)c3F)c2)cc1-c1ccc(F)cc1COc1cc(F)cc(F)c1F,12.0,post
498,Fc1cccc(-c2cc(-c3ccccc3F)cc(-c3ccccc3O)c2-c2cccc(F)c2COc2ccccc2COCc2ccccc2COCc2ccccc2CO)c1Cl,12.0,post
499,Cc1ccccc1-c1ccc(-c2ccccc2COc2cc(C)cc(-c3ccccc3OC)c2C)cc1-c1ccc(F)c(F)c1-c1cc(F)cc(-c2ccc(F)c(F)c2COC)c1C,12.0,post
500,Cc1ccccc1-c1cc(-c2cccs2)cc(-c2ccccc2COCc2ccccc2C)c1-c1ccc(F)cc1COc1cc(F)cc(F)c1C,12.0,post
501,Cc1ccccc1-c1ccc(-c2cccc(-c3cccc(F)c3F)c2)cc1-c1cc(F)cc(-c2cccc(F)c2F)c1-c1ccc(F)c(F)c1COc1cc(F)cc(F)c1C,12.0,post
502,COc1cccc2ccc(-c3cccc(C)c3COc3cccc(F)c3F)c(-c3ccccc3OC)c(C3CC3COC(C)C(F)C3)c2COC(C)C(F)F)c1-c1ccc(F)cc1COc1cc(F)cc(F)c1F,0.0,post
503,Cc1cccc(-c2cccc(-c3cccc(C(C)C)c3COc3ccccc3COc3ccccc3F)c2C)c1-c1ccc(F)cc1COc1cc(F)cc(F)c1C,12.0,post
504,Oc1ccccc1-c1ccc(-c2cc(F)cc(F)c2COc2cccc(F)c2F)cc1-c1cc(F)cc(-c2ccccc2F)c1-c1ccc(F)cc1COc1cc(F)cc(F)c1F,12.0,post
505,Cc1ccccc1-c1cccc(-c2cccc(-c3ccccc3F)c2C)c1-c1ccc(F)c(C)c1COCc1cc(F)cc(F)c1C,11.86148,post
506,Cc1ccccc1-c1ccc(-c2cccc(-c3ccccc3F)c2)cc1COc1cccc(-c2ccccc2COC)c1-c1ccc(F)cc1COc1cc(F)cc(F)c1F,12.0,post
507,Cc1cccc(-c2cccc(-c3cccs3)c2C)c1-c1ccc(-c2ccccc2O)cc1COc1ccccc1-c1cccc(F)c1C,12.0,post
508,Cc1ccccc1-c1ccc(-c2cccc(C(C)C)c2COC(C)C(F)F)c(C(C)C)c1COCc1cc(F)cc(F)c1COCc1cc(F)cc(F)c1C,12.0,post
509,Cc1cccc(-c2cccc(-c3cccc(F)c3OC)c2C(C)c2ccccc2COC(C)c2ccccc2COC(C)c2ccccc2COC(C)c2ccccc2COC(C)c2cc(F)cc(F)c2F)c1C,12.0,post
510,Cc1cccc(-c2cc(-c3ccccc3COc3ccccc3F)cc(-c3ccccc3COc3ccccc3F)c2C)c1-c1cccc(-c2cccc(F)c2CO)c1C,12.0,post
511,Cc1cccc(-c2cccc(-c3cccc(-c4ccccc4F)c3OC(Cc3ccccc3C)C(=O)C(C)C)c2COC(C)c2ccccc2COC)c1COCc1ccccc1C,12.0,post
